timestamp,session_start,event_type,species,individual_count,size,wetness,lat,lon,raw_text,night_date,event_signature,segment_id,event_match_distance_m,unmatched_reason
2026-08-03 23:17:00+09:00,2026-08-02 00:27:00+09:00,目撃,カエル,1,,ソークド(水跳ね),28.16475033470805,129.3846062555978,"2026/08/03 23:17
目撃

1匹
カエル
ソークド(水跳ね)
瀬戸内町節子
28.16475033470805
129.3846062555978
",2026-08-02,"2026-08-03 14:17:00+00:00|カエル|目撃|28.1647503|129.3846063|2026/08/03 23:17
目撃

1匹
カエル
ソークド(水跳ね)
瀬戸内町節子
28.16475033470805
129.3846062555978
",,62.12811199161507,nearest mapped road exceeds match threshold
