ID,日付,時刻,種別,イベント,数,サイズ,地域,緯度,経度,天候,気温,月齢,潮,上げ下げ,運用日_7時,運用月,ソース
111,2026-06-17,23:57,ハブ,捕獲,1,小,瀬戸内町阿木名958,28.17431396341712,129.3271901273442,雨後,,,,,46190,2026-06,user_log_complete_to_2026-06-18
112,2026-06-18,22:52,ハブ,捕獲,1,小,瀬戸内町節子,28.17099446827299,129.3796799929451,晴れ後,,,,,46191,2026-06,user_log_complete_to_2026-06-18
113,2026-06-19,00:06,ハブ,捕獲,1,小,瀬戸内町節子,28.18345568611117,129.3779552077217,霧前後,,,,,46192,2026-06,user_log_complete_to_2026-06-18
114,2026-06-19,00:29,ハブ,捕獲,1,小,瀬戸内町嘉徳,28.19427271104352,129.3977238722566,晴れ後,,,,,46192,2026-06,user_log_complete_to_2026-06-18
115,2026-06-19,01:04,ハブ,捕獲,1,極小,瀬戸内町網野子,28.18216902206482,129.3694877253187,霧後,,,,,46192,2026-06,user_log_complete_to_2026-06-18
117,2026-06-20,22:17,ハブ,捕獲,1,小,瀬戸内町節子,28.17200013904662,129.3794812170131,晴れ,,,,,46193,2026-06,user_log_2026-06-20_added_2026-06-23
118,2026-06-21,00:13,ハブ,捕獲,1,大,瀬戸内町嘉徳,28.19704258464521,129.3921015130903,晴れ/霧前,,,,,46194,2026-06,user_log_2026-06-20_added_2026-06-23
119,2026-06-21,02:27,ハブ,捕獲,1,小,瀬戸内町久根津806,28.16854704698684,129.2989658064317,晴れ,,,,,46194,2026-06,user_log_2026-06-20_added_2026-06-23
120,2026-06-21,02:42,ハブ,捕獲,1,小,瀬戸内町久根津806-2,28.16920872906329,129.29908098298,晴れ,,,,,46194,2026-06,user_log_2026-06-20_added_2026-06-23
121,2026-06-22,20:25,ハブ,捕獲,1,極小,瀬戸内町県道626号,28.13995356674133,129.3488402479601,晴れ,,,,,46195,2026-06,user_log_2026-06-22_added_2026-06-23
122,2026-06-22,20:58,ハブ,捕獲,1,小,瀬戸内町伊須,28.14887845231345,129.3591007025003,晴れ,,,,,46195,2026-06,user_log_2026-06-22_added_2026-06-23
123,2026-06-22,21:34,ハブ,捕獲,1,大,瀬戸内町節子,28.16740395199922,129.3703414131476,晴れ,,,,,46195,2026-06,user_log_2026-06-22_added_2026-06-23
125,2026-06-23,01:25,ハブ,捕獲,1,小,瀬戸内町手安595-1,28.15695814325306,129.2967246753437,晴れ,,,,,46196,2026-06,user_log_2026-06-22_added_2026-06-23
126,2026-06-23,01:39,ハブ,捕獲,1,小,瀬戸内町久根津806,28.16851581954322,129.29896949206,晴れ,,,,,46196,2026-06,user_log_2026-06-22_added_2026-06-23
127,2026-06-23,01:56,ハブ,捕獲,1,小,瀬戸内町県道79号,28.17965645961609,129.2937084146953,晴れ,,,,,46196,2026-06,user_log_2026-06-22_added_2026-06-23
129,2026-06-23,22:12,ハブ,捕獲,1,小,瀬戸内町嘉鉄1052,28.13903138975443,129.347404679404,晴れ,,,,,46196,2026-06,user_log_complete_2026-06-23_29_added_2026-06-29
130,2026-06-23,22:17,ハブ,捕獲,1,中,瀬戸内町県道626号,28.13999692924554,129.3488073088956,晴れ,,,,,46196,2026-06,user_log_complete_2026-06-23_29_added_2026-06-29
131,2026-06-23,23:25,ハブ,捕獲,1,小,瀬戸内町節子,28.16584876439437,129.3823566850042,晴れ,,,,,46196,2026-06,user_log_complete_2026-06-23_29_added_2026-06-29
132,2026-06-24,01:11,ハブ,捕獲,1,小,瀬戸内町嘉徳,28.19567866839056,129.3889395217803,霧後,,,,,46197,2026-06,user_log_complete_2026-06-23_29_added_2026-06-29
133,2026-06-24,02:06,ハブ,捕獲,1,大,瀬戸内町伊須,28.14553937831397,129.3561064617445,霧後,,,,,46197,2026-06,user_log_complete_2026-06-23_29_added_2026-06-29
135,2026-06-25,02:13,ハブ,捕獲,1,小,瀬戸内町久根津806,28.16842835247162,129.2990395428087,晴れ,,,,,46198,2026-06,user_log_complete_2026-06-23_29_added_2026-06-29
136,2026-06-25,03:49,ハブ,捕獲,1,小,瀬戸内町嘉徳,28.18574505717029,129.3781365414964,霧後,,,,,46198,2026-06,user_log_complete_2026-06-23_29_added_2026-06-29
137,2026-06-25,04:02,ハブ,捕獲,1,大,瀬戸内町嘉徳,28.19609570773468,129.3944510684983,霧後,,,,,46198,2026-06,user_log_complete_2026-06-23_29_added_2026-06-29
138,2026-06-28,20:52,ハブ,捕獲,1,小,瀬戸内町伊須,28.15344954231803,129.3550759393625,雨後,,,,,46201,2026-06,user_log_complete_2026-06-23_29_added_2026-06-29
139,2026-06-28,23:20,ハブ,捕獲,1,中,瀬戸内町嘉徳,28.19715389518834,129.3920683210058,雨後〜霧後,,,,,46201,2026-06,user_log_complete_2026-06-23_29_added_2026-06-29
140,2026-06-29,00:29,ハブ,捕獲,1,小,瀬戸内町久根津1022,28.16866549347142,129.298740815148,霧雨,,,,,46202,2026-06,user_log_complete_2026-06-23_29_added_2026-06-29
141,2026-06-29,00:35,ハブ,捕獲,1,小,瀬戸内町久根津854,28.16823218020444,129.2992006057215,霧雨,,,,,46202,2026-06,user_log_complete_2026-06-23_29_added_2026-06-29
142,2026-06-29,00:55,ハブ,捕獲,1,小,瀬戸内町油井1023-4,28.17847837643566,129.294484580859,霧雨,,,,,46202,2026-06,user_log_complete_2026-06-23_29_added_2026-06-29
143,2026-06-29,00:59,ハブ,捕獲,1,小,瀬戸内町油井150,28.18310196728697,129.2912455169497,霧雨,,,,,46202,2026-06,user_log_complete_2026-06-23_29_added_2026-06-29
144,2026-06-29,01:03,ハブ,捕獲,1,小,瀬戸内町阿鉄付近,28.1871381,129.2899606,霧雨,,,,,46202,2026-06,user_log_complete_2026-06-23_29_added_2026-06-29
145,2026-06-29,01:06,ハブ,捕獲,1,中,,28.18992631927429,129.2889411187035,霧雨,,,,,46202,2026-06,user_log_complete_2026-06-23_29_added_2026-06-29
146,2026-06-29,01:08,ハブ,捕獲,1,中,,28.19125577436695,129.2867709427453,霧雨,,,,,46202,2026-06,user_log_complete_2026-06-23_29_added_2026-06-29
147,2026-06-29,01:19,ハブ,捕獲,1,大,,28.2074421711138,129.2870818751339,霧〜雨前,,,,,46202,2026-06,user_log_complete_2026-06-23_29_added_2026-06-29
148,2026-07-02,01:13,ハブ,捕獲,1,中,瀬戸内町久根津820-3,28.16914697101083,129.2981699225058,晴れ,,,,,46205,2026-07,user_log_2026-07_full
149,2026-07-02,01:27,ハブ,捕獲,1,小,瀬戸内町久根津598-3,28.17026099799323,129.3026083530053,晴れ,,,,,46205,2026-07,user_log_2026-07_full
150,2026-07-02,02:57,ハブ,捕獲,1,小,,28.16762134901077,129.299651133017,晴れ,,,,,46205,2026-07,user_log_2026-07_full
151,2026-07-02,03:38,ハブ,捕獲,1,小,瀬戸内町節子,28.17024911756457,129.3778680359287,晴れ,,,,,46205,2026-07,user_log_2026-07_full
152,2026-07-09,00:17,ハブ,捕獲,1,極小,,28.19658353137286,129.3898140908931,雨後,,,,,46212,2026-07,user_log_2026-07_full
153,2026-07-09,00:37,ハブ,捕獲,1,小,瀬戸内町嘉徳,28.19224888404072,129.4002792489228,雨後,,,,,46212,2026-07,user_log_2026-07_full
154,2026-07-09,23:21,ハブ,捕獲,1,中,瀬戸内町久根津1022,28.1685860641563,129.2987968494457,,,,,,46212,2026-07,user_log_2026-07_full
155,2026-07-09,23:30,ハブ,捕獲,1,小,,28.16770936383171,129.2998235502162,,,,,,46212,2026-07,user_log_2026-07_full
156,2026-07-11,00:43,ハブ,捕獲,1,小,,28.20006802146683,129.2810707256324,爆風・稲光,,,,,46214,2026-07,user_log_2026-07_full
157,2026-07-11,01:05,ハブ,捕獲,1,小,瀬戸内町久根津,28.16839105335002,129.2990509549036,爆風・稲光,,,,,46214,2026-07,user_log_2026-07_full
158,2026-07-17,00:35,ハブ,捕獲,1,小,,28.17359078481381,129.3990048656001,,,,,,46220,2026-07,user_log_2026-07_full
159,2026-07-17,02:34,ハブ,捕獲,1,小,瀬戸内町県道79号,28.16312291236065,129.289543924127,,,,,,46220,2026-07,user_log_2026-07_full
