night,canonical_id,actual_timestamp,actual_minute_of_day,predicted_minute_of_day,absolute_circular_error_minutes,hit_30m,hit_60m,hit_90m,prior_capture_events
2026-05-24,78.0,2026-05-24 23:51:00+09:00,1431,1410,21.0,1,1,1,12
2026-06-04,84.0,2026-06-04 21:15:00+09:00,1275,1350,75.0,0,0,1,13
2026-06-04,85.0,2026-06-04 23:01:00+09:00,1381,1290,91.0,0,0,0,13
2026-06-04,86.0,2026-06-04 23:04:00+09:00,1384,1290,94.0,0,0,0,13
2026-06-04,87.0,2026-06-04 23:20:00+09:00,1400,1290,110.0,0,0,0,13
2026-06-04,88.0,2026-06-05 02:21:00+09:00,141,1410,171.0,0,0,0,13
2026-06-06,91.0,2026-06-06 21:03:00+09:00,1263,1350,87.0,0,0,1,18
2026-06-06,92.0,2026-06-06 21:31:00+09:00,1291,1350,59.0,0,1,1,18
2026-06-06,93.0,2026-06-06 22:26:00+09:00,1346,1320,26.0,1,1,1,18
2026-06-06,94.0,2026-06-06 22:29:00+09:00,1349,1320,29.0,1,1,1,18
2026-06-10,95.0,2026-06-10 20:03:00+09:00,1203,1290,87.0,0,0,1,22
2026-06-10,96.0,2026-06-10 21:07:00+09:00,1267,1320,53.0,0,1,1,22
2026-06-10,97.0,2026-06-10 21:09:00+09:00,1269,1320,51.0,0,1,1,22
2026-06-10,98.0,2026-06-10 21:20:00+09:00,1280,1320,40.0,0,1,1,22
2026-06-10,99.0,2026-06-10 21:20:00+09:00,1280,1320,40.0,0,1,1,22
2026-06-12,100.0,2026-06-13 00:04:00+09:00,4,1290,154.0,0,0,0,27
2026-06-12,101.0,2026-06-13 01:12:00+09:00,72,1320,192.0,0,0,0,27
2026-06-12,102.0,2026-06-13 03:17:00+09:00,197,1230,407.0,0,0,0,27
2026-06-13,105.0,2026-06-13 22:13:00+09:00,1333,1290,43.0,0,1,1,30
2026-06-13,106.0,2026-06-14 00:08:00+09:00,8,1380,68.0,0,0,1,30
2026-06-13,107.0,2026-06-14 01:49:00+09:00,109,1320,229.0,0,0,0,30
2026-06-16,104.0,2026-06-16 21:31:00+09:00,1291,1320,29.0,1,1,1,33
2026-06-17,108.0,2026-06-17 22:43:00+09:00,1363,1350,13.0,1,1,1,34
2026-06-17,109.0,2026-06-17 23:27:00+09:00,1407,1320,87.0,0,0,1,34
2026-06-17,111.0,2026-06-17 23:57:00+09:00,1437,1380,57.0,0,1,1,34
2026-06-18,112.0,2026-06-18 22:52:00+09:00,1372,1320,52.0,0,1,1,37
2026-06-18,113.0,2026-06-19 00:06:00+09:00,6,1320,126.0,0,0,0,37
2026-06-18,114.0,2026-06-19 00:29:00+09:00,29,1350,119.0,0,0,0,37
2026-06-18,115.0,2026-06-19 01:04:00+09:00,64,1320,184.0,0,0,0,37
2026-06-20,117.0,2026-06-20 22:17:00+09:00,1337,1350,13.0,1,1,1,41
2026-06-20,118.0,2026-06-21 00:13:00+09:00,13,1410,43.0,0,1,1,41
2026-06-20,119.0,2026-06-21 02:27:00+09:00,147,0,147.0,0,0,0,41
2026-06-20,120.0,2026-06-21 02:42:00+09:00,162,0,162.0,0,0,0,41
2026-06-22,121.0,2026-06-22 20:25:00+09:00,1225,1260,35.0,0,1,1,45
2026-06-22,122.0,2026-06-22 20:58:00+09:00,1258,1320,62.0,0,0,1,45
2026-06-22,123.0,2026-06-22 21:34:00+09:00,1294,1350,56.0,0,1,1,45
2026-06-22,125.0,2026-06-23 01:25:00+09:00,85,90,5.0,1,1,1,45
2026-06-22,126.0,2026-06-23 01:39:00+09:00,99,30,69.0,0,0,1,45
2026-06-22,127.0,2026-06-23 01:56:00+09:00,116,60,56.0,0,1,1,45
2026-06-23,129.0,2026-06-23 22:12:00+09:00,1332,1260,72.0,0,0,1,51
2026-06-23,130.0,2026-06-23 22:17:00+09:00,1337,1260,77.0,0,0,1,51
2026-06-23,131.0,2026-06-23 23:25:00+09:00,1405,1320,85.0,0,0,1,51
2026-06-23,132.0,2026-06-24 01:11:00+09:00,71,1380,131.0,0,0,0,51
2026-06-23,133.0,2026-06-24 02:06:00+09:00,126,1260,306.0,0,0,0,51
2026-06-24,135.0,2026-06-25 02:13:00+09:00,133,60,73.0,0,0,1,56
2026-06-24,136.0,2026-06-25 03:49:00+09:00,229,1350,319.0,0,0,0,56
2026-06-24,137.0,2026-06-25 04:02:00+09:00,242,1410,272.0,0,0,0,56
2026-06-28,138.0,2026-06-28 20:52:00+09:00,1252,1320,68.0,0,0,1,59
2026-06-28,139.0,2026-06-28 23:20:00+09:00,1400,1410,10.0,1,1,1,59
2026-06-28,140.0,2026-06-29 00:29:00+09:00,29,90,61.0,0,0,1,59
2026-06-28,141.0,2026-06-29 00:35:00+09:00,35,90,55.0,0,1,1,59
2026-06-28,142.0,2026-06-29 00:55:00+09:00,55,90,35.0,0,1,1,59
2026-06-28,143.0,2026-06-29 00:59:00+09:00,59,90,31.0,0,1,1,59
2026-06-28,144.0,2026-06-29 01:03:00+09:00,63,90,27.0,1,1,1,59
2026-06-28,145.0,2026-06-29 01:06:00+09:00,66,90,24.0,1,1,1,59
2026-06-28,146.0,2026-06-29 01:08:00+09:00,68,90,22.0,1,1,1,59
2026-06-28,147.0,2026-06-29 01:19:00+09:00,79,30,49.0,0,1,1,59
2026-06-30,187.0,2026-07-01 01:12:00+09:00,72,1350,162.0,0,0,0,69
2026-06-30,188.0,2026-07-01 02:04:00+09:00,124,1350,214.0,0,0,0,69
2026-06-30,189.0,2026-07-01 03:02:00+09:00,182,60,122.0,0,0,0,69
2026-06-30,190.0,2026-07-01 03:22:00+09:00,202,60,142.0,0,0,0,69
2026-07-01,148.0,2026-07-02 01:13:00+09:00,73,90,17.0,1,1,1,73
2026-07-01,149.0,2026-07-02 01:27:00+09:00,87,90,3.0,1,1,1,73
2026-07-01,150.0,2026-07-02 02:57:00+09:00,177,90,87.0,0,0,1,73
2026-07-01,151.0,2026-07-02 03:38:00+09:00,218,1350,308.0,0,0,0,73
2026-07-08,152.0,2026-07-09 00:17:00+09:00,17,1410,47.0,0,1,1,77
2026-07-08,153.0,2026-07-09 00:37:00+09:00,37,1410,67.0,0,0,1,77
2026-07-09,154.0,2026-07-09 23:21:00+09:00,1401,90,129.0,0,0,0,79
2026-07-09,155.0,2026-07-09 23:30:00+09:00,1410,90,120.0,0,0,0,79
2026-07-10,156.0,2026-07-11 00:43:00+09:00,43,60,17.0,1,1,1,81
2026-07-10,157.0,2026-07-11 01:05:00+09:00,65,60,5.0,1,1,1,81
2026-07-16,158.0,2026-07-17 00:35:00+09:00,35,1380,95.0,0,0,0,83
2026-07-16,159.0,2026-07-17 02:34:00+09:00,154,90,64.0,0,0,1,83
2026-07-16,160.0,2026-07-17 02:59:00+09:00,179,60,119.0,0,0,0,83
2026-07-17,161.0,2026-07-17 21:53:00+09:00,1313,1290,23.0,1,1,1,86
2026-07-17,162.0,2026-07-17 23:12:00+09:00,1392,1410,18.0,1,1,1,86
2026-07-17,163.0,2026-07-17 23:24:00+09:00,1404,0,36.0,0,1,1,86
2026-07-20,165.0,2026-07-20 23:01:00+09:00,1381,1410,29.0,1,1,1,89
2026-07-20,166.0,2026-07-20 23:53:00+09:00,1433,1380,53.0,0,1,1,89
2026-07-22,167.0,2026-07-23 05:23:00+09:00,323,90,233.0,0,0,0,91
2026-07-24,168.0,2026-07-25 02:51:00+09:00,171,1380,231.0,0,0,0,92
2026-07-24,169.0,2026-07-25 03:00:00+09:00,180,1380,240.0,0,0,0,92
2026-07-24,170.0,2026-07-25 03:25:00+09:00,205,1350,295.0,0,0,0,92
2026-07-24,171.0,2026-07-25 03:41:00+09:00,221,1380,281.0,0,0,0,92
2026-07-25,172.0,2026-07-26 00:25:00+09:00,25,1290,175.0,0,0,0,96
2026-07-25,173.0,2026-07-26 02:14:00+09:00,134,1410,164.0,0,0,0,96
2026-07-25,174.0,2026-07-26 02:41:00+09:00,161,1410,191.0,0,0,0,96
2026-07-25,175.0,2026-07-26 03:36:00+09:00,216,1380,276.0,0,0,0,96
2026-07-25,176.0,2026-07-26 03:48:00+09:00,228,1380,288.0,0,0,0,96
2026-07-26,177.0,2026-07-27 00:00:00+09:00,0,1380,60.0,0,1,1,101
2026-07-26,178.0,2026-07-27 00:21:00+09:00,21,1410,51.0,0,1,1,101
2026-07-30,179.0,2026-07-31 00:51:00+09:00,51,0,51.0,0,1,1,103
2026-07-30,180.0,2026-07-31 01:58:00+09:00,118,1410,148.0,0,0,0,103
2026-07-30,181.0,2026-07-31 03:18:00+09:00,198,1410,228.0,0,0,0,103
2026-07-31,182.0,2026-08-01 00:35:00+09:00,35,0,35.0,0,1,1,106
2026-08-01,196.0,2026-08-02 00:50:00+09:00,50,0,50.0,0,1,1,107
2026-08-01,197.0,2026-08-02 01:43:00+09:00,103,30,73.0,0,0,1,107
2026-08-01,198.0,2026-08-02 02:20:00+09:00,140,0,140.0,0,0,0,107
2026-08-02,200.0,2026-08-03 00:01:00+09:00,1,1290,151.0,0,0,0,110
2026-08-02,201.0,2026-08-03 01:45:00+09:00,105,30,75.0,0,0,1,110
2026-08-02,202.0,2026-08-03 02:38:00+09:00,158,60,98.0,0,0,0,110
2026-08-03,203.0,2026-08-03 23:34:00+09:00,1414,60,86.0,0,0,1,113
2026-08-03,204.0,2026-08-03 23:38:00+09:00,1418,60,82.0,0,0,1,113
2026-08-05,208.0,2026-08-06 01:11:00+09:00,71,30,41.0,0,1,1,115
2026-08-05,209.0,2026-08-06 01:47:00+09:00,107,60,47.0,0,1,1,115
2026-08-09,211.0,2026-08-10 00:03:00+09:00,3,30,27.0,1,1,1,117
2026-08-09,212.0,2026-08-10 01:38:00+09:00,98,90,8.0,1,1,1,117
2026-08-11,213.0,2026-08-11 23:32:00+09:00,1412,30,58.0,0,1,1,119
2026-08-11,214.0,2026-08-12 00:15:00+09:00,15,60,45.0,0,1,1,119
2026-08-12,215.0,2026-08-12 22:28:00+09:00,1348,30,122.0,0,0,0,121
2026-08-12,216.0,2026-08-12 23:12:00+09:00,1392,30,78.0,0,0,1,121
2026-08-12,217.0,2026-08-13 01:42:00+09:00,102,90,12.0,1,1,1,121
2026-08-12,218.0,2026-08-13 02:01:00+09:00,121,60,61.0,0,0,1,121
2026-08-13,220.0,2026-08-13 21:04:00+09:00,1264,30,206.0,0,0,0,125
2026-08-13,221.0,2026-08-13 23:32:00+09:00,1412,30,58.0,0,1,1,125
2026-08-15,222.0,2026-08-15 21:48:00+09:00,1308,30,162.0,0,0,0,127
2026-08-15,223.0,2026-08-15 23:20:00+09:00,1400,0,40.0,0,1,1,127
2026-08-15,224.0,2026-08-16 00:25:00+09:00,25,90,65.0,0,0,1,127
2026-08-17,226.0,2026-08-17 21:47:00+09:00,1307,1320,13.0,1,1,1,130
2026-08-17,227.0,2026-08-18 00:48:00+09:00,48,30,18.0,1,1,1,130
2026-08-19,229.0,2026-08-19 23:02:00+09:00,1382,0,58.0,0,1,1,132
2026-08-19,230.0,2026-08-19 23:42:00+09:00,1422,0,18.0,1,1,1,132
2026-08-19,231.0,2026-08-20 00:35:00+09:00,35,0,35.0,0,1,1,132
2026-08-19,232.0,2026-08-20 01:44:00+09:00,104,90,14.0,1,1,1,132
2026-08-23,234.0,2026-08-24 00:02:00+09:00,2,0,2.0,1,1,1,136
2026-08-23,235.0,2026-08-24 00:04:00+09:00,4,0,4.0,1,1,1,136
2026-08-23,236.0,2026-08-24 02:48:00+09:00,168,90,78.0,0,0,1,136
2026-08-24,237.0,2026-08-24 21:10:00+09:00,1270,90,260.0,0,0,0,139
2026-08-24,238.0,2026-08-24 23:58:00+09:00,1438,0,2.0,1,1,1,139
2026-08-24,239.0,2026-08-25 00:51:00+09:00,51,0,51.0,0,1,1,139
2026-08-27,240.0,2026-08-28 00:00:00+09:00,0,30,30.0,1,1,1,142
2026-08-27,241.0,2026-08-28 01:33:00+09:00,93,0,93.0,0,0,0,142
2026-08-27,242.0,2026-08-28 02:08:00+09:00,128,0,128.0,0,0,0,142
2026-08-28,243.0,2026-08-28 22:06:00+09:00,1326,90,204.0,0,0,0,145
2026-08-28,244.0,2026-08-28 22:45:00+09:00,1365,0,75.0,0,0,1,145
2026-08-28,245.0,2026-08-29 01:22:00+09:00,82,30,52.0,0,1,1,145
2026-08-28,246.0,2026-08-29 02:26:00+09:00,146,30,116.0,0,0,0,145
2026-08-29,247.0,2026-08-29 23:58:00+09:00,1438,30,32.0,0,1,1,149
