night,capture_count,positive,multi2,multi3,multi5,sin_month,cos_month,sin_doy,cos_doy,prior_mean_count,prior30_mean_count,prior14_mean_count,prior30_active_nights,prior14_active_nights,temp_mean,temp_min,humidity_mean,dewpoint_mean,precip_sum,pressure_mean,cloud_mean,weather_max
2025-09-17,1,1,0,0,0,-1.0,-1.8369701987210297e-16,-0.97139528468375,-0.23746831555846842,0.0,0.0,0.0,0,0,26.90769230769231,26.0,84.76923076923077,24.12307692307692,0.0,1012.0999999999999,27.23076923076923,2
2025-09-18,1,1,0,0,0,-1.0,-1.8369701987210297e-16,-0.9753363880767837,-0.2207236509605022,1.0,1.0,1.0,1,1,25.753846153846155,25.1,89.46153846153847,23.900000000000002,0.0,1012.4384615384616,22.692307692307693,3
2025-09-20,1,1,0,0,0,-1.0,-1.8369701987210297e-16,-0.9823516608469237,-0.18704334906991657,1.0,1.0,1.0,2,2,26.361538461538466,25.1,87.84615384615384,24.16923076923077,0.0,1009.7230769230769,23.0,3
2025-09-22,1,1,0,0,0,-1.0,-1.8369701987210297e-16,-0.9882042449941422,-0.15314166701312007,1.0,1.0,1.0,3,3,27.1,26.3,83.61538461538461,24.092307692307692,0.2,1011.9230769230769,24.53846153846154,51
2025-09-25,1,1,0,0,0,-1.0,-1.8369701987210297e-16,-0.994788305609327,-0.10196189005174576,1.0,1.0,1.0,4,4,27.638461538461538,26.5,75.61538461538461,22.923076923076927,0.0,1014.7000000000002,21.384615384615383,2
2025-09-26,1,1,0,0,0,-1.0,-1.8369701987210297e-16,-0.9963950238187231,-0.08483487790576538,1.0,1.0,1.0,5,5,26.61538461538461,25.9,81.76923076923077,23.207692307692305,0.0,1014.8538461538462,44.69230769230769,3
2025-09-28,1,1,0,0,0,-1.0,-1.8369701987210297e-16,-0.9987235240803972,-0.050510617185222886,1.0,1.0,1.0,6,6,26.953846153846147,26.4,78.53846153846153,22.884615384615383,0.0,1012.3307692307692,7.461538461538462,1
2025-10-01,0,0,0,0,0,-0.8660254037844386,0.5000000000000001,-0.9999994220246925,0.001075151282798226,1.0,1.0,1.0,7,7,26.23846153846154,24.3,86.38461538461539,23.699999999999996,0.0,1011.6076923076924,15.461538461538462,2
2025-10-03,0,0,0,0,0,-0.8660254037844386,0.5000000000000001,-0.9993706508539969,0.03547255575312556,0.875,0.875,0.8333333333333334,8,6,25.62307692307692,25.0,92.53846153846153,24.315384615384612,0.1,1014.6692307692308,62.76923076923077,51
2025-10-12,2,1,1,0,0,-0.8660254037844386,0.5000000000000001,-0.981947190186646,0.18915526872004093,0.7777777777777778,0.7777777777777778,0.3333333333333333,9,3,25.692307692307693,24.8,87.61538461538461,23.45384615384615,0.0,1011.4153846153847,42.61538461538461,3
2025-10-15,1,1,0,0,0,-0.8660254037844386,0.5000000000000001,-0.9708824104813836,0.23955655912092708,0.9,0.9,0.6666666666666666,10,3,26.084615384615383,25.5,79.84615384615384,22.292307692307695,0.0,1014.2230769230771,18.615384615384617,1
2025-10-16,0,0,0,0,0,-0.8660254037844386,0.5000000000000001,-0.9666180104000972,0.2562218218071163,0.9,0.9090909090909091,1.0,11,3,25.053846153846152,24.1,88.15384615384616,22.95384615384615,0.0,1015.0923076923077,4.615384615384615,0
2025-10-17,2,1,1,0,0,-0.8660254037844386,0.5000000000000001,-0.9620675724981452,0.27281126433401914,0.8,0.8333333333333334,0.75,12,4,26.315384615384612,25.6,80.23076923076923,22.607692307692307,0.1,1014.2615384615384,19.384615384615383,51
2025-10-18,2,1,1,0,0,-0.8660254037844386,0.5000000000000001,-0.957232443323312,0.28931997761869527,0.9,0.9166666666666666,1.25,12,4,25.53846153846154,25.2,90.61538461538461,23.900000000000002,0.0,1014.0076923076923,15.153846153846153,1
2025-10-19,1,1,0,0,0,-0.8660254037844386,0.5000000000000001,-0.9521140536681102,0.3057430764672831,1.0,1.0,1.4,12,5,25.553846153846152,24.0,88.6923076923077,23.515384615384615,1.9,1013.6307692307691,99.6923076923077,61
2025-10-21,4,1,1,1,0,-0.8660254037844386,0.5000000000000001,-0.9410336347451197,0.3383130181923076,1.0,1.0,1.3333333333333333,12,6,23.95384615384615,22.9,94.3076923076923,22.96153846153846,0.2,1012.3076923076925,99.07692307692308,51
2025-10-26,3,1,1,1,0,-0.8660254037844386,0.5000000000000001,-0.9084917035725082,0.41790288888678667,1.3,1.2727272727272727,1.7142857142857142,11,7,23.338461538461537,21.9,68.92307692307692,17.19230769230769,0.30000000000000004,1013.3999999999999,39.30769230769231,51
2025-10-28,1,1,0,0,0,-0.8660254037844386,0.5000000000000001,-0.8935790198239952,0.4489059314938798,1.5,1.4545454545454546,1.8571428571428572,11,7,21.04615384615385,20.4,74.23076923076923,16.153846153846157,2.3000000000000003,1017.9307692307694,99.84615384615384,53
2025-10-31,1,1,0,0,0,-0.8660254037844386,0.5000000000000001,-0.8692328164574792,0.49440298420761813,1.6,1.4545454545454546,2.1666666666666665,11,6,21.200000000000003,20.9,82.0,17.97692307692308,0.30000000000000004,1010.5076923076923,67.6923076923077,51
2025-11-04,1,1,0,0,0,-0.5000000000000004,0.8660254037844384,-0.8331829385891785,0.5529974600700271,1.7,1.7,2.25,10,4,19.392307692307693,17.9,92.15384615384616,17.99230769230769,48.300000000000004,1015.2846153846154,100.0,63
2025-11-05,1,1,0,0,0,-0.5000000000000004,0.8660254037844384,-0.8235472349556007,0.5672476988027229,1.6,1.6363636363636365,1.5,11,4,20.446153846153848,19.4,93.07692307692308,19.284615384615385,5.4,1012.3692307692307,74.61538461538461,61
2025-11-06,2,1,1,0,0,-0.5000000000000004,0.8660254037844384,-0.8136678304455991,0.5813300798152042,1.6,1.5833333333333333,1.4,12,5,21.853846153846153,21.4,78.15384615384616,17.838461538461537,0.30000000000000004,1014.653846153846,66.76923076923077,51
2025-11-08,1,1,0,0,0,-0.5000000000000004,0.8660254037844384,-0.7931896839451843,0.6089746507720486,1.8,1.6153846153846154,1.5,13,6,23.46153846153846,22.3,78.23076923076923,19.315384615384612,0.30000000000000004,1014.5769230769231,50.23076923076923,51
2025-11-09,1,1,0,0,0,-0.5000000000000004,0.8660254037844384,-0.7825970017677834,0.6225286602431057,1.7,1.5714285714285714,1.4285714285714286,14,7,23.00769230769231,22.6,86.38461538461539,20.638461538461538,0.0,1011.5307692307692,28.923076923076923,3
2025-11-18,2,1,1,0,0,-0.5000000000000004,0.8660254037844384,-0.6772399381909491,0.7357622347736527,1.6,1.6,1.2,10,5,17.43846153846154,15.9,66.6923076923077,11.076923076923077,0.9,1019.8,84.46153846153847,53
2025-11-21,2,1,1,0,0,-0.5000000000000004,0.8660254037844384,-0.6383844591746642,0.769717664006921,1.7,1.4444444444444444,1.3333333333333333,9,3,18.246153846153845,16.8,62.15384615384615,10.853846153846153,0.0,1020.6692307692307,49.84615384615385,3
2026-04-12,0,0,0,0,0,0.8660254037844387,-0.4999999999999998,0.9831469737221499,-0.1828169249850199,1.5,0.0,0.0,0,0,22.053846153846152,21.6,96.76923076923077,21.53076923076923,1.2000000000000002,1009.7692307692306,89.0,51
2026-04-13,1,1,0,0,0,0.8660254037844387,-0.4999999999999998,0.9798567700958665,-0.1997015525660636,1.2,0.0,0.0,1,1,20.907692307692308,20.0,92.92307692307692,19.74615384615385,0.2,1010.1846153846155,33.69230769230769,51
2026-04-15,1,1,0,0,0,0.8660254037844387,-0.4999999999999998,0.9724075561219968,-0.23328854407545518,1.2,0.5,0.5,2,2,20.299999999999997,19.4,84.92307692307692,17.676923076923075,0.0,1008.5384615384615,17.23076923076923,1
2026-04-17,2,1,1,0,0,0.8660254037844387,-0.4999999999999998,0.9638074231367307,-0.26659942067929354,1.2,0.6666666666666666,0.6666666666666666,3,3,21.446153846153848,21.0,77.23076923076923,17.284615384615385,0.1,1009.9230769230769,91.0,51
2026-04-19,2,1,1,0,0,0.8660254037844387,-0.4999999999999998,0.9540665500578387,-0.2995947563972602,1.3,1.0,1.0,4,4,18.707692307692305,17.8,85.6923076923077,16.223076923076924,0.0,1008.9615384615385,24.153846153846153,3
2026-04-20,2,1,1,0,0,0.8660254037844387,-0.4999999999999998,0.9487718864399473,-0.31596187665790293,1.4,1.2,1.2,5,5,19.815384615384612,18.9,75.76923076923077,15.400000000000002,0.0,1011.6692307692308,49.15384615384615,3
2026-05-01,1,1,0,0,0,0.49999999999999994,-0.8660254037844387,0.8724040568049612,-0.48878539428899265,1.4,1.3333333333333333,2.0,6,3,16.95384615384615,15.6,68.6923076923077,11.053846153846155,0.0,1013.6615384615385,32.15384615384615,3
2026-05-03,1,1,0,0,0,0.49999999999999994,-0.8660254037844387,0.8550745085896932,-0.518505144391157,1.4,1.2857142857142858,1.6666666666666667,7,3,20.753846153846155,18.3,94.0,19.73076923076923,29.300000000000004,1009.3999999999999,100.0,63
2026-05-07,0,0,0,0,0,0.49999999999999994,-0.8660254037844387,0.8174009818249189,-0.5760691233798758,1.4,1.25,1.0,8,2,21.169230769230772,20.3,91.6923076923077,19.753846153846155,0.0,1011.2230769230771,91.53846153846153,3
2026-05-10,0,0,0,0,0,0.49999999999999994,-0.8660254037844387,0.7865965660866021,-0.6174672802835514,1.2,1.1111111111111112,0.6666666666666666,9,3,20.52307692307692,20.0,78.3076923076923,16.576923076923077,2.4000000000000004,1013.6153846153846,98.46153846153847,55
2026-05-13,2,1,1,0,0,0.49999999999999994,-0.8660254037844387,0.753697664392914,-0.6572212950663319,1.0,1.1111111111111112,0.5,9,4,19.86923076923077,18.7,90.3076923076923,18.223076923076924,0.0,1007.2538461538461,90.92307692307692,3
2026-05-15,2,1,1,0,0,0.49999999999999994,-0.8660254037844387,0.7306444969184916,-0.6827580970759147,1.2,1.2222222222222223,0.8,9,5,21.115384615384617,20.7,73.61538461538461,16.192307692307693,0.1,1014.8461538461537,13.846153846153847,51
2026-05-18,3,1,1,1,0,0.49999999999999994,-0.8660254037844387,0.6944521021088763,-0.719538934232584,1.3,1.25,1.0,8,4,22.200000000000003,21.8,83.6923076923077,19.26923076923077,0.6000000000000001,1011.1000000000001,86.15384615384616,51
2026-05-19,1,1,0,0,0,0.49999999999999994,-0.8660254037844387,0.6819721490904629,-0.7313781428679254,1.5,1.4444444444444444,1.4,9,5,22.4,21.9,98.0,22.076923076923077,2.3000000000000003,1007.0538461538462,83.38461538461539,61
2026-05-21,2,1,1,0,0,0.49999999999999994,-0.8660254037844387,0.6564105761979381,-0.7544038410927472,1.4,1.25,1.3333333333333333,8,6,23.676923076923078,22.9,95.07692307692308,22.823076923076922,13.999999999999998,1008.6846153846155,98.15384615384616,61
2026-05-23,3,1,1,1,0,0.49999999999999994,-0.8660254037844387,0.6300720909843687,-0.7765366444428655,1.4,1.3333333333333333,1.6666666666666667,9,6,23.361538461538466,23.0,96.53846153846153,22.76923076923077,3.1,1008.053846153846,89.92307692307692,61
2026-05-24,1,1,0,0,0,0.49999999999999994,-0.8660254037844387,0.6166212130956382,-0.7872599821916922,1.5,1.5,1.8571428571428572,10,7,23.730769230769226,23.1,96.53846153846153,23.16153846153846,0.5,1008.876923076923,83.3076923076923,51
2026-05-27,1,1,0,0,0,0.49999999999999994,-0.8660254037844387,0.5751899607119775,-0.8180198708443175,1.5,1.4545454545454546,2.0,11,7,24.446153846153848,23.9,99.0,24.27692307692308,12.0,1004.2153846153846,87.76923076923077,63
2026-05-29,3,1,1,1,0,0.49999999999999994,-0.8660254037844387,0.5467112728685939,-0.8373211953118121,1.5,1.4166666666666667,1.8571428571428572,12,7,21.200000000000003,19.7,86.6923076923077,18.86153846153846,0.0,1007.1538461538462,0.6153846153846154,0
2026-06-04,5,1,1,1,1,1.2246467991473532e-16,-1.0,0.4575313760742512,-0.8891934772070711,1.8,1.6363636363636365,2.0,11,5,24.784615384615385,23.5,96.46153846153847,24.16153846153846,7.700000000000001,1004.2846153846153,95.3076923076923,61
2026-06-06,4,1,1,1,0,1.2246467991473532e-16,-1.0,0.42667408318992467,-0.9044054548343001,2.3,1.9166666666666667,2.6,12,5,24.26153846153846,23.7,98.0,23.9,28.6,1004.4000000000001,100.0,63
2026-06-10,5,1,1,1,1,1.2246467991473532e-16,-1.0,0.36348161248290634,-0.9316013725767187,2.5,2.4545454545454546,3.25,11,4,21.069230769230767,19.9,97.15384615384616,20.592307692307692,6.8,1007.876923076923,100.0,61
2026-06-12,3,1,1,1,0,1.2246467991473532e-16,-1.0,0.3312212278016865,-0.9435531242349544,2.8,2.6666666666666665,4.25,12,4,21.746153846153845,20.7,84.92307692307692,19.076923076923073,0.5,1012.4153846153846,99.6923076923077,51
2026-06-13,3,1,1,1,0,1.2246467991473532e-16,-1.0,0.31494162072895193,-0.9491110448902284,2.8,2.75,4.25,12,4,21.76923076923077,21.2,82.92307692307692,18.661538461538463,0.8,1008.4153846153846,90.6923076923077,51
2026-06-16,1,1,0,0,0,1.2246467991473532e-16,-1.0,0.26556302780405594,-0.9640935007889755,3.0,2.8333333333333335,4.0,12,5,23.44615384615384,22.8,97.76923076923077,23.084615384615386,48.5,1011.0692307692306,100.0,65
2026-06-17,3,1,1,1,0,1.2246467991473532e-16,-1.0,0.24893980855376657,-0.9685189578512204,2.9,2.6923076923076925,3.5,13,6,23.515384615384612,22.9,97.92307692307692,23.161538461538463,20.8,1011.7846153846154,99.84615384615384,63
2026-06-18,4,1,1,1,0,1.2246467991473532e-16,-1.0,0.23224292400907015,-0.9726578145718654,2.9,2.6923076923076925,3.4285714285714284,13,7,25.100000000000005,24.5,96.15384615384616,24.43076923076923,0.0,1011.0,96.38461538461539,3
2026-06-20,4,1,1,1,0,1.2246467991473532e-16,-1.0,0.19864794288017112,-0.9800709131432666,3.2,2.923076923076923,3.2857142857142856,13,7,25.276923076923076,24.7,96.92307692307692,24.715384615384615,0.3,1009.6615384615385,44.15384615384615,51
2026-06-22,6,1,1,1,1,1.2246467991473532e-16,-1.0,0.16481784665719793,-0.9863240225317866,3.5,3.076923076923077,3.2857142857142856,13,7,25.0,24.1,93.23076923076923,23.815384615384616,0.0,1005.5846153846153,63.61538461538461,3
2026-06-23,5,1,1,1,1,1.2246467991473532e-16,-1.0,0.14782713347053048,-0.9890132145779883,3.8,3.3076923076923075,3.625,13,8,26.523076923076925,25.8,94.76923076923077,25.600000000000005,1.5999999999999999,1005.6692307692308,86.76923076923077,51
2026-06-24,3,1,1,1,0,1.2246467991473532e-16,-1.0,0.13079267585675922,-0.9914097417023038,3.8,3.6153846153846154,3.7777777777777777,13,9,26.99230769230769,26.6,90.6923076923077,25.323076923076925,0.4,1004.8692307692307,65.0,51
2026-06-28,10,1,1,1,1,1.2246467991473532e-16,-1.0,0.062318379354325076,-0.998056320853012,3.7,3.769230769230769,3.7142857142857144,13,7,24.83076923076923,24.3,97.15384615384616,24.369230769230775,3.9,1009.3461538461537,99.76923076923077,55
2026-06-30,4,1,1,1,0,1.2246467991473532e-16,-1.0,0.02795029824021032,-0.999609314096404,4.2,4.3076923076923075,4.5,13,8,25.87692307692308,25.5,93.07692307692308,24.692307692307693,0.0,1011.1538461538462,78.6923076923077,3
2026-07-01,4,1,1,1,0,-0.4999999999999997,-0.8660254037844388,0.01075130776352193,-0.9999422030204416,4.3,4.285714285714286,4.875,14,8,26.369230769230764,25.8,92.15384615384616,24.99230769230769,0.0,1010.5230769230768,90.15384615384616,3
2026-07-08,2,1,1,0,0,-0.4999999999999997,-0.8660254037844388,-0.10944576864891556,-0.993992768446958,4.4,4.230769230769231,5.25,13,4,26.74615384615385,26.4,84.46153846153847,23.93076923076923,0.1,1006.7923076923076,32.07692307692308,51
2026-07-09,2,1,1,0,0,-0.4999999999999997,-0.8660254037844388,-0.12652781683868314,-0.9919630595773397,4.5,4.071428571428571,5.0,14,4,27.56923076923077,27.2,89.38461538461539,25.62307692307692,0.1,1005.6307692307691,75.61538461538461,51
2026-07-10,2,1,1,0,0,-0.4999999999999997,-0.8660254037844388,-0.1435724234118113,-0.9896398128792412,4.4,3.933333333333333,4.4,15,5,27.561538461538458,26.7,85.15384615384616,24.807692307692307,1.8000000000000003,1003.1923076923078,98.15384615384616,53
2026-07-16,3,1,1,1,0,-0.4999999999999997,-0.8660254037844388,-0.24477230089725957,-0.9695805901076308,4.2,3.8461538461538463,2.0,13,3,27.50769230769231,27.0,90.53846153846153,25.815384615384616,0.1,1004.6692307692307,92.07692307692308,51
2026-07-17,3,1,1,1,0,-0.4999999999999997,-0.8660254037844388,-0.2614143985111562,-0.965226663665613,4.1,4.0,2.25,13,4,27.215384615384615,26.5,93.3076923076923,26.02307692307693,0.2,1003.4615384615385,57.15384615384615,51
2026-07-20,3,1,1,1,0,-0.4999999999999997,-0.8660254037844388,-0.3108569682435036,-0.9504567035349151,3.8,4.0,2.4,12,5,27.4,26.4,86.0,24.807692307692307,0.0,1007.3692307692309,12.538461538461538,1
2026-07-22,1,1,0,0,0,-0.4999999999999997,-0.8660254037844388,-0.34336687399638804,-0.939201357453208,3.6,3.9166666666666665,2.5,12,6,27.084615384615383,26.2,88.3076923076923,24.946153846153848,0.2,1008.3615384615385,9.846153846153847,51
2026-07-24,4,1,1,1,0,-0.4999999999999997,-0.8660254037844388,-0.3754703786876202,-0.9268343944460494,3.4,3.3636363636363638,2.4,11,5,27.900000000000002,27.1,87.38461538461539,25.584615384615386,0.0,1010.1384615384616,97.15384615384616,3
2026-07-25,5,1,1,1,1,-0.4999999999999997,-0.8660254037844388,-0.3913578365610259,-0.9202385798054075,2.8,3.4545454545454546,2.8,11,5,27.084615384615386,25.9,90.76923076923077,25.423076923076923,0.3,1009.4923076923077,22.46153846153846,51
2026-07-26,2,1,1,0,0,-0.4999999999999997,-0.8660254037844388,-0.4071294853542516,-0.9133704517637858,2.9,3.5833333333333335,3.1666666666666665,12,6,26.700000000000003,25.6,92.53846153846153,25.376923076923074,0.6,1009.0538461538462,11.76923076923077,51
2026-07-30,3,1,1,1,0,-0.4999999999999997,-0.8660254037844388,-0.46896519100763184,-0.8832166493127127,2.7,2.9166666666666665,3.0,12,7,26.861538461538462,25.7,84.76923076923077,24.023076923076925,0.0,1008.7153846153847,5.230769230769231,1
2026-07-31,1,1,0,0,0,-0.4999999999999997,-0.8660254037844388,-0.48408852163897587,-0.8750190302029955,2.8,2.8333333333333335,3.0,12,7,27.01538461538462,25.9,83.3076923076923,23.915384615384614,0.0,1007.5615384615386,14.307692307692308,1
2026-08-01,3,1,1,1,0,-0.8660254037844384,-0.5000000000000004,-0.4990686026885319,-0.8665624788845385,2.7,2.5833333333333335,2.7142857142857144,12,7,28.04615384615385,27.1,80.6923076923077,24.384615384615383,0.1,1006.7692307692307,16.76923076923077,51
2026-08-02,3,1,1,1,0,-0.8660254037844384,-0.5000000000000004,-0.5139010013093103,-0.8578494977869301,2.8,2.6153846153846154,2.75,13,8,27.83076923076923,27.1,81.92307692307692,24.461538461538467,0.0,1005.9461538461538,49.15384615384615,3
2026-08-03,2,1,1,0,0,-0.8660254037844384,-0.5000000000000004,-0.5285813283559292,-0.8488826652214553,2.8,2.642857142857143,2.7777777777777777,14,9,27.08461538461539,26.1,88.53846153846153,25.015384615384615,0.9999999999999999,1004.6307692307693,41.61538461538461,53
2026-08-05,2,1,1,0,0,-0.8660254037844384,-0.5000000000000004,-0.5574684374327892,-0.8301981337405212,2.7,2.6,2.6666666666666665,15,9,27.992307692307694,27.1,79.3076923076923,24.092307692307696,0.4,997.5076923076922,74.84615384615384,51
2026-08-09,2,1,1,0,0,-0.8660254037844384,-0.5000000000000004,-0.6132298262997502,-0.7899045386224707,2.6,2.642857142857143,2.2857142857142856,14,7,26.72307692307693,26.0,92.38461538461539,25.369230769230764,1.4000000000000001,1000.1615384615385,99.53846153846153,51
2026-08-11,2,1,1,0,0,-0.8660254037844384,-0.5000000000000004,-0.6400381082043503,-0.7683431655492202,2.7,2.642857142857143,2.2857142857142856,14,7,25.546153846153842,24.4,88.15384615384616,23.43846153846154,0.1,1000.8615384615385,96.92307692307692,51
2026-08-12,4,1,1,1,0,-0.8660254037844384,-0.5000000000000004,-0.65316012232693,-0.7572198192083127,2.5,2.6,2.25,15,8,25.415384615384617,25.1,87.61538461538461,23.215384615384615,0.30000000000000004,999.8076923076923,24.307692307692307,51
2026-08-13,2,1,1,0,0,-0.8660254037844384,-0.5000000000000004,-0.666088855860977,-0.7458723993404063,2.4,2.6875,2.4444444444444446,16,9,25.992307692307694,25.2,88.0,23.815384615384616,0.7,1001.4000000000001,50.46153846153846,51
2026-08-15,3,1,1,1,0,-0.8660254037844384,-0.5000000000000004,-0.6913512362094071,-0.722518835873311,2.4,2.6470588235294117,2.5,17,8,25.484615384615385,25.1,89.84615384615384,23.676923076923078,0.7999999999999999,1003.8384615384615,88.6923076923077,51
2026-08-17,2,1,1,0,0,-0.8660254037844384,-0.5000000000000004,-0.7157953492826642,-0.6983101158835584,2.4,2.625,2.4285714285714284,16,7,26.569230769230767,25.8,83.53846153846153,23.56153846153846,0.4,1007.1538461538463,47.30769230769231,51
2026-08-19,6,1,1,1,1,-0.8660254037844384,-0.5000000000000004,-0.7393922635959241,-0.673274892250183,2.5,2.588235294117647,2.4285714285714284,17,7,26.71538461538461,26.4,90.46153846153847,25.03846153846154,3.0,1008.0153846153846,68.0,51
2026-08-21,0,0,0,0,0,-0.8660254037844384,-0.5000000000000004,-0.7621140503891487,-0.6474427960827475,2.8,2.764705882352941,3.0,17,7,26.453846153846158,26.1,90.3076923076923,24.746153846153845,1.3000000000000003,1007.5076923076923,20.0,51
2026-08-23,3,1,1,1,0,-0.8660254037844384,-0.5000000000000004,-0.7839338166829201,-0.620844401650647,2.5,2.7058823529411766,2.625,17,8,26.923076923076927,26.1,83.0,23.77692307692308,0.2,1009.1692307692308,71.61538461538461,51
2026-08-24,3,1,1,1,0,-0.8660254037844384,-0.5000000000000004,-0.7944973291665992,-0.6072676460566135,2.6,2.6470588235294117,2.75,17,8,27.338461538461537,26.9,82.53846153846153,24.115384615384617,0.0,1005.2384615384615,54.23076923076923,3
2026-08-27,3,1,1,1,0,-0.8660254037844384,-0.5000000000000004,-0.8247650844733614,-0.5654755126737576,2.7,2.5625,2.7142857142857144,16,7,25.76923076923077,24.2,95.46153846153847,24.96153846153846,6.499999999999999,1003.953846153846,67.15384615384616,63
2026-08-28,4,1,1,1,0,-0.8660254037844384,-0.5000000000000004,-0.8343701235229537,-0.5512045872199277,2.8,2.588235294117647,2.857142857142857,17,7,26.692307692307693,26.4,92.38461538461539,25.338461538461537,1.0,1005.253846153846,36.46153846153846,51
2026-08-29,1,1,0,0,0,-0.8660254037844384,-0.5000000000000004,-0.8437282590292712,-0.5367705514607103,3.0,2.6666666666666665,3.0,18,8,26.733333333333334,26.5,92.5,25.400000000000002,0.5,1006.35,42.833333333333336,51
