selection_rank,radius_m,bandwidth_h,recency_tau_days,local_weight,min_local,all_eligible,all_nights_scored,all_median_error_min,all_mean_error_min,all_within_30m_hits,all_within_30m_rate,all_within_60m_hits,all_within_60m_rate,all_within_90m_hits,all_within_90m_rate,all_within_120m_hits,all_within_120m_rate,all_selection_score,selection_eligible,selection_nights_scored,selection_median_error_min,selection_mean_error_min,selection_within_30m_hits,selection_within_30m_rate,selection_within_60m_hits,selection_within_60m_rate,selection_within_90m_hits,selection_within_90m_rate,selection_within_120m_hits,selection_within_120m_rate,selection_selection_score,confirmation_eligible,confirmation_nights_scored,confirmation_median_error_min,confirmation_mean_error_min,confirmation_within_30m_hits,confirmation_within_30m_rate,confirmation_within_60m_hits,confirmation_within_60m_rate,confirmation_within_90m_hits,confirmation_within_90m_rate,confirmation_within_120m_hits,confirmation_within_120m_rate,confirmation_selection_score
1,3000,2.0,120.0,0.95,2,138,44,72.5,97.06521739130434,29,0.21014492753623187,59,0.427536231884058,85,0.6159420289855072,97,0.7028985507246377,3.9572765700483092,98,29,74.0,107.44897959183673,18,0.1836734693877551,39,0.3979591836734694,56,0.5714285714285714,65,0.6632653061224489,3.6319160997732425,40,15,59.5,71.625,11,0.275,20,0.5,29,0.725,32,0.8,4.767361111111111
2,3000,2.0,,0.95,2,138,44,81.0,100.34057971014492,32,0.2318840579710145,56,0.4057971014492754,77,0.5579710144927537,95,0.6884057971014492,3.836775362318841,98,29,87.0,112.34693877551021,18,0.1836734693877551,35,0.35714285714285715,52,0.5306122448979592,63,0.6428571428571429,3.38937074829932,40,15,53.0,70.925,14,0.35,21,0.525,25,0.625,32,0.8,4.951388888888888
3,3000,1.5,120.0,0.95,2,138,44,74.0,102.28260869565217,26,0.18840579710144928,56,0.4057971014492754,79,0.572463768115942,95,0.6884057971014492,3.7015700483091787,98,29,85.0,113.26530612244898,17,0.17346938775510204,34,0.3469387755102041,53,0.5408163265306123,64,0.6530612244897959,3.3513321995464853,40,15,58.0,75.375,9,0.225,22,0.55,26,0.65,31,0.775,4.544444444444445
4,3000,1.5,,0.95,2,138,44,81.5,103.6304347826087,34,0.2463768115942029,56,0.4057971014492754,74,0.5362318840579711,92,0.6666666666666666,3.828834541062802,98,29,92.5,116.06122448979592,18,0.1836734693877551,36,0.3673469387755102,48,0.4897959183673469,61,0.6224489795918368,3.3103032879818595,40,15,54.5,73.175,16,0.4,20,0.5,26,0.65,31,0.775,5.099305555555556
5,2000,2.0,120.0,0.95,2,138,44,75.0,99.48550724637681,25,0.18115942028985507,56,0.4057971014492754,82,0.5942028985507246,95,0.6884057971014492,3.7146739130434785,98,29,82.0,110.85714285714286,13,0.1326530612244898,35,0.35714285714285715,54,0.5510204081632653,63,0.6428571428571429,3.233049886621315,40,15,58.0,71.625,12,0.3,21,0.525,28,0.7,32,0.8,4.894444444444445
6,250,1.0,120.0,0.95,2,138,44,91.0,108.0072463768116,30,0.21739130434782608,51,0.3695652173913043,68,0.4927536231884058,83,0.6014492753623188,3.4388285024154586,98,29,103.5,116.48979591836735,20,0.20408163265306123,32,0.32653061224489793,45,0.45918367346938777,57,0.5816326530612245,3.152168367346939,40,15,74.0,87.225,10,0.25,19,0.475,23,0.575,26,0.65,4.122222222222222
7,250,2.0,,0.95,2,138,44,88.5,102.05072463768116,25,0.18115942028985507,53,0.38405797101449274,70,0.5072463768115942,88,0.6376811594202898,3.40606884057971,98,29,101.0,111.6938775510204,18,0.1836734693877551,33,0.336734693877551,44,0.4489795918367347,59,0.6020408163265306,3.1046201814058954,40,15,59.5,78.425,7,0.175,20,0.5,26,0.65,29,0.725,4.142361111111111
8,500,2.0,120.0,0.95,2,138,44,87.5,98.94927536231884,30,0.21739130434782608,48,0.34782608695652173,71,0.5144927536231884,92,0.6666666666666666,3.487167874396135,98,29,96.5,108.75510204081633,17,0.17346938775510204,31,0.3163265306122449,48,0.4897959183673469,60,0.6122448979591837,3.1006660997732425,40,15,76.5,74.925,13,0.325,17,0.425,23,0.575,32,0.8,4.41875
9,2000,2.0,,0.95,2,138,44,80.0,102.42753623188406,28,0.2028985507246377,53,0.38405797101449274,77,0.5579710144927537,93,0.6739130434782609,3.6425120772946857,98,29,90.5,115.0,14,0.14285714285714285,33,0.336734693877551,49,0.5,62,0.6326530612244898,3.08859126984127,40,15,54.5,71.625,14,0.35,20,0.5,28,0.7,31,0.775,4.999305555555556
10,250,1.5,120.0,0.95,2,138,44,87.5,102.34057971014492,30,0.21739130434782608,50,0.36231884057971014,70,0.5072463768115942,88,0.6376811594202898,3.4871678743961354,98,29,100.5,112.38775510204081,19,0.19387755102040816,30,0.30612244897959184,45,0.45918367346938777,59,0.6020408163265306,3.0747023809523806,40,15,64.0,77.725,11,0.275,20,0.5,25,0.625,29,0.725,4.486111111111112
11,500,1.5,120.0,0.95,2,138,44,94.0,102.05072463768116,32,0.2318840579710145,47,0.34057971014492755,65,0.47101449275362317,90,0.6521739130434783,3.41292270531401,98,29,99.5,111.89795918367346,19,0.19387755102040816,30,0.30612244897959184,44,0.4489795918367347,59,0.6020408163265306,3.0556831065759638,40,15,82.5,77.925,13,0.325,17,0.425,21,0.525,31,0.775,4.285416666666667
12,3000,1.0,120.0,0.95,2,138,44,77.5,104.58695652173913,27,0.1956521739130435,56,0.4057971014492754,76,0.5507246376811594,92,0.6666666666666666,3.6604770531400965,98,29,86.0,117.6734693877551,11,0.11224489795918367,35,0.35714285714285715,50,0.5102040816326531,62,0.6326530612244898,3.0540249433106577,40,15,54.5,72.525,16,0.4,21,0.525,26,0.65,30,0.75,5.149305555555556
13,1000,2.0,,0.95,2,138,44,87.5,103.19565217391305,27,0.1956521739130435,50,0.36231884057971014,73,0.5289855072463768,90,0.6521739130434783,3.4581823671497585,98,29,97.0,115.55102040816327,18,0.1836734693877551,29,0.29591836734693877,47,0.47959183673469385,59,0.6020408163265306,3.0489512471655327,40,15,56.5,72.925,9,0.225,21,0.525,26,0.65,31,0.775,4.471527777777778
14,250,2.0,120.0,0.95,2,138,44,87.0,99.8913043478261,27,0.1956521739130435,51,0.3695652173913043,71,0.5144927536231884,91,0.6594202898550725,3.458876811594203,98,29,101.0,109.89795918367346,17,0.17346938775510204,31,0.3163265306122449,45,0.45918367346938777,60,0.6122448979591837,3.0331916099773237,40,15,59.5,75.375,10,0.25,20,0.5,26,0.65,31,0.775,4.492361111111111
15,500,2.0,,0.95,2,138,44,87.0,101.93478260869566,25,0.18115942028985507,48,0.34782608695652173,71,0.5144927536231884,90,0.6521739130434783,3.3284420289855077,98,29,98.0,112.28571428571429,17,0.17346938775510204,30,0.30612244897959184,46,0.46938775510204084,59,0.6020408163265306,3.0169501133786847,40,15,63.5,76.575,8,0.2,18,0.45,25,0.625,31,0.775,4.086805555555556
16,2000,1.5,120.0,0.95,2,138,44,80.5,102.15217391304348,23,0.16666666666666666,57,0.41304347826086957,78,0.5652173913043478,94,0.6811594202898551,3.60558574879227,98,29,89.5,115.24489795918367,10,0.10204081632653061,35,0.35714285714285715,50,0.5102040816326531,62,0.6326530612244898,3.0083475056689344,40,15,57.5,70.075,13,0.325,22,0.55,28,0.7,32,0.8,5.070138888888889
17,2000,1.5,,0.95,2,138,44,87.0,107.02173913043478,28,0.2028985507246377,52,0.37681159420289856,72,0.5217391304347826,90,0.6521739130434783,3.516847826086957,98,29,95.0,118.91836734693878,13,0.1326530612244898,34,0.3469387755102041,46,0.46938775510204084,60,0.6122448979591837,2.9905045351473927,40,15,63.0,77.875,15,0.375,18,0.45,26,0.65,30,0.75,4.8125
18,250,0.75,120.0,0.95,2,138,44,93.0,110.22463768115942,28,0.2028985507246377,47,0.34057971014492755,66,0.4782608695652174,85,0.6159420289855072,3.276630434782609,98,29,107.5,119.16326530612245,19,0.19387755102040816,29,0.29591836734693877,43,0.4387755102040816,58,0.5918367346938775,2.9833475056689345,40,15,80.0,88.325,9,0.225,18,0.45,23,0.575,27,0.675,3.963888888888889
19,1000,2.0,120.0,0.95,2,138,44,87.5,101.34057971014492,26,0.18840579710144928,50,0.36231884057971014,72,0.5217391304347826,93,0.6739130434782609,3.4364432367149758,98,29,100.0,113.65306122448979,15,0.15306122448979592,31,0.3163265306122449,46,0.46938775510204084,59,0.6020408163265306,2.9631519274376417,40,15,62.0,71.175,11,0.275,19,0.475,26,0.65,34,0.85,4.588888888888889
20,3000,1.0,,0.95,2,138,44,89.0,110.93478260869566,26,0.18840579710144928,52,0.37681159420289856,69,0.5,90,0.6521739130434783,3.4126207729468607,98,29,97.5,123.93877551020408,13,0.1326530612244898,34,0.3469387755102041,45,0.45918367346938777,59,0.6020408163265306,2.956420068027211,40,15,65.0,79.075,13,0.325,18,0.45,24,0.6,31,0.775,4.534722222222223
21,3000,0.75,120.0,0.95,2,138,44,81.5,107.54347826086956,28,0.2028985507246377,52,0.37681159420289856,75,0.5434782608695652,92,0.6666666666666666,3.582457729468599,98,29,91.0,122.0,13,0.1326530612244898,31,0.3163265306122449,48,0.4897959183673469,61,0.6224489795918368,2.9552437641723364,40,15,54.5,72.125,15,0.375,21,0.525,27,0.675,31,0.775,5.124305555555557
22,2000,0.75,120.0,0.95,2,138,44,86.5,110.94927536231884,29,0.21014492753623187,46,0.3333333333333333,73,0.5289855072463768,88,0.6376811594202898,3.4160929951690817,98,29,91.5,124.36734693877551,15,0.15306122448979592,29,0.29591836734693877,47,0.47959183673469385,58,0.5918367346938775,2.923937074829932,40,15,68.0,78.075,14,0.35,17,0.425,26,0.65,30,0.75,4.6305555555555555
23,1000,1.5,,0.95,2,138,44,90.0,109.8623188405797,24,0.17391304347826086,47,0.34057971014492755,69,0.5,86,0.6231884057971014,3.2155797101449277,98,29,115.0,121.87755102040816,16,0.16326530612244897,31,0.3163265306122449,44,0.4489795918367347,55,0.5612244897959183,2.901502267573696,40,15,77.5,80.425,8,0.2,16,0.4,25,0.625,31,0.775,3.9173611111111115
24,3000,0.75,,0.95,2,138,44,90.5,113.3840579710145,25,0.18115942028985507,48,0.34782608695652173,69,0.5,88,0.6376811594202898,3.280102657004831,98,29,96.5,126.16326530612245,14,0.14285714285714285,30,0.30612244897959184,46,0.46938775510204084,59,0.6020408163265306,2.8965844671201815,40,15,65.0,82.075,11,0.275,18,0.45,23,0.575,29,0.725,4.2347222222222225
25,500,1.0,120.0,0.95,2,138,44,106.0,110.60144927536231,27,0.1956521739130435,44,0.3188405797101449,60,0.43478260869565216,80,0.5797101449275363,3.041183574879227,98,29,111.5,118.3265306122449,17,0.17346938775510204,30,0.30612244897959184,42,0.42857142857142855,55,0.5612244897959183,2.8757511337868475,40,15,98.0,91.675,10,0.25,14,0.35,18,0.45,25,0.625,3.4388888888888887
26,500,1.5,,0.95,2,138,44,94.0,107.1231884057971,24,0.17391304347826086,45,0.32608695652173914,65,0.47101449275362317,84,0.6086956521739131,3.0940821256038644,98,29,117.0,117.0204081632653,17,0.17346938775510204,30,0.30612244897959184,43,0.4387755102040816,53,0.5408163265306123,2.8681122448979592,40,15,80.0,82.875,7,0.175,15,0.375,22,0.55,31,0.775,3.5888888888888886
27,2000,1.0,120.0,0.95,2,138,44,87.0,108.1376811594203,27,0.1956521739130435,49,0.35507246376811596,72,0.5217391304347826,90,0.6521739130434783,3.4226449275362323,98,29,92.0,121.0,12,0.12244897959183673,31,0.3163265306122449,46,0.46938775510204084,60,0.6122448979591837,2.8620181405895697,40,15,65.0,76.625,15,0.375,18,0.45,26,0.65,30,0.75,4.809722222222223
28,250,1.5,,0.95,2,138,44,97.0,108.3840579710145,25,0.18115942028985507,48,0.34782608695652173,65,0.47101449275362317,83,0.6014492753623188,3.176871980676328,98,29,117.0,118.77551020408163,18,0.1836734693877551,29,0.29591836734693877,41,0.41836734693877553,54,0.5510204081632653,2.8477040816326533,40,15,66.0,82.925,7,0.175,19,0.475,24,0.6,29,0.725,3.958333333333333
29,1000,1.5,120.0,0.95,2,138,44,87.5,106.45652173913044,23,0.16666666666666666,45,0.32608695652173914,71,0.5144927536231884,89,0.644927536231884,3.197312801932367,98,29,97.5,118.61224489795919,14,0.14285714285714285,27,0.2755102040816326,47,0.47959183673469385,56,0.5714285714285714,2.7931547619047614,40,15,62.0,76.675,9,0.225,18,0.45,24,0.6,33,0.825,4.188888888888889
30,250,1.0,,0.95,2,138,44,97.5,113.73188405797102,29,0.21014492753623187,44,0.3188405797101449,64,0.463768115942029,79,0.572463768115942,3.161684782608696,98,29,114.0,126.0,18,0.1836734693877551,26,0.2653061224489796,42,0.42857142857142855,52,0.5306122448979592,2.7600340136054426,40,15,80.0,83.675,11,0.275,18,0.45,22,0.55,27,0.675,4.11388888888889
31,1000,1.0,120.0,0.95,2,138,44,93.5,110.73188405797102,23,0.16666666666666666,43,0.3115942028985507,67,0.4855072463768116,83,0.6014492753623188,3.0440519323671498,98,29,115.0,122.48979591836735,15,0.15306122448979592,27,0.2755102040816326,42,0.42857142857142855,54,0.5510204081632653,2.6872165532879815,40,15,78.0,81.925,8,0.2,16,0.4,25,0.625,29,0.725,3.8666666666666667
32,2000,0.75,,0.95,2,138,44,90.0,115.78985507246377,25,0.18115942028985507,46,0.3333333333333333,69,0.5,85,0.6159420289855072,3.2155797101449277,98,29,99.5,128.77551020408163,11,0.11224489795918367,29,0.29591836734693877,44,0.4489795918367347,57,0.5816326530612245,2.6781320861678006,40,15,65.0,83.975,14,0.35,17,0.425,25,0.625,28,0.7,4.534722222222222
33,2000,1.0,,0.95,2,138,44,91.5,112.71739130434783,22,0.15942028985507245,48,0.34782608695652173,67,0.4855072463768116,87,0.6304347826086957,3.1555253623188406,98,29,103.0,125.06122448979592,9,0.09183673469387756,31,0.3163265306122449,43,0.4387755102040816,57,0.5816326530612245,2.632454648526077,40,15,65.0,82.475,13,0.325,17,0.425,24,0.6,30,0.75,4.434722222222223
34,500,0.75,120.0,0.95,2,138,44,106.0,113.73188405797102,22,0.15942028985507245,41,0.2971014492753623,57,0.41304347826086957,83,0.6014492753623188,2.8092995169082124,98,29,111.5,122.42857142857143,14,0.14285714285714285,27,0.2755102040816326,38,0.3877551020408163,56,0.5714285714285714,2.590036848072562,40,15,91.5,92.425,8,0.2,14,0.35,19,0.475,27,0.675,3.3479166666666664
35,250,0.75,,0.95,2,138,44,108.0,119.02173913043478,25,0.18115942028985507,41,0.2971014492753623,59,0.427536231884058,78,0.5652173913043478,2.886231884057971,98,29,116.0,131.75510204081633,16,0.16326530612244897,25,0.25510204081632654,37,0.37755102040816324,52,0.5306122448979592,2.54297052154195,40,15,82.0,87.825,9,0.225,16,0.4,22,0.55,26,0.65,3.736111111111111
36,500,1.0,,0.95,2,138,44,109.0,115.73188405797102,24,0.17391304347826086,40,0.2898550724637681,58,0.42028985507246375,79,0.572463768115942,2.8268719806763283,98,29,119.0,126.44897959183673,15,0.15306122448979592,24,0.24489795918367346,39,0.3979591836734694,51,0.5204081632653061,2.4979875283446713,40,15,91.5,89.475,9,0.225,16,0.4,19,0.475,28,0.7,3.622916666666667
37,1000,1.0,,0.95,2,138,44,96.0,117.05072463768116,24,0.17391304347826086,39,0.2826086956521739,66,0.4782608695652174,80,0.5797101449275363,2.946376811594203,98,29,118.0,131.75510204081633,14,0.14285714285714285,23,0.23469387755102042,40,0.40816326530612246,52,0.5306122448979592,2.458560090702948,40,15,71.5,81.025,10,0.25,16,0.4,26,0.65,28,0.7,4.100694444444445
38,1000,0.75,120.0,0.95,2,138,44,102.5,116.7463768115942,22,0.15942028985507245,42,0.30434782608695654,59,0.427536231884058,81,0.5869565217391305,2.8503925120772946,98,29,117.0,131.3469387755102,13,0.1326530612244898,24,0.24489795918367346,34,0.3469387755102041,52,0.5306122448979592,2.327295918367347,40,15,71.5,80.975,9,0.225,18,0.45,25,0.625,29,0.725,4.125694444444444
39,500,0.75,,0.95,2,138,44,110.5,120.92028985507247,21,0.15217391304347827,37,0.26811594202898553,52,0.37681159420289856,77,0.5579710144927537,2.5711654589371986,98,29,119.0,133.44897959183675,11,0.11224489795918367,22,0.22448979591836735,32,0.32653061224489793,50,0.5102040816326531,2.1204365079365077,40,15,88.5,90.225,10,0.25,15,0.375,20,0.5,27,0.675,3.677083333333333
40,1000,0.75,,0.95,2,138,44,110.5,124.73188405797102,21,0.15217391304347827,39,0.2826086956521739,55,0.39855072463768115,76,0.5507246376811594,2.650875603864734,98,29,122.5,142.9591836734694,11,0.11224489795918367,21,0.21428571428571427,30,0.30612244897959184,48,0.4897959183673469,2.023738662131519,40,15,71.5,80.075,10,0.25,18,0.45,25,0.625,28,0.7,4.200694444444444
