night,phase,rank,slot_time,score
2026-08-15,selection,1,2026-08-16T00:20:00+09:00,0.9994934435320175
2026-08-15,selection,2,2026-08-16T00:50:00+09:00,0.9994934435320175
2026-08-15,selection,3,2026-08-16T00:20:00+09:00,0.9977820567294949
2026-08-15,selection,4,2026-08-16T00:50:00+09:00,0.9977820567294949
2026-08-15,selection,5,2026-08-16T00:20:00+09:00,0.9964187787787193
2026-08-15,selection,6,2026-08-16T00:50:00+09:00,0.9964187787787193
2026-08-15,selection,7,2026-08-16T00:10:00+09:00,0.9938023218795891
2026-08-15,selection,8,2026-08-16T00:40:00+09:00,0.9938023218795891
2026-08-15,selection,9,2026-08-16T00:10:00+09:00,0.9926899782571298
2026-08-15,selection,10,2026-08-16T00:40:00+09:00,0.9926899782571298
2026-08-15,selection,11,2026-08-16T01:50:00+09:00,0.9893297324624103
2026-08-15,selection,12,2026-08-16T01:10:00+09:00,0.9893297324624103
2026-08-15,selection,13,2026-08-16T00:50:00+09:00,0.9843775294145576
2026-08-15,selection,14,2026-08-16T00:20:00+09:00,0.9843775294145576
2026-08-15,selection,15,2026-08-16T00:00:00+09:00,0.9834410415133711
2026-08-15,selection,16,2026-08-16T00:40:00+09:00,0.9834410415133711
2026-08-15,selection,17,2026-08-16T01:30:00+09:00,0.9810454211772618
2026-08-15,selection,18,2026-08-16T01:30:00+09:00,0.9801121032783929
2026-08-15,selection,19,2026-08-16T00:50:00+09:00,0.9767936507125834
2026-08-15,selection,20,2026-08-16T00:10:00+09:00,0.9767936507125834
2026-08-15,selection,21,2026-08-16T00:40:00+09:00,0.9740161514285572
2026-08-15,selection,22,2026-08-16T00:10:00+09:00,0.9740161514285572
2026-08-15,selection,23,2026-08-16T01:20:00+09:00,0.9734872138299644
2026-08-15,selection,24,2026-08-16T01:50:00+09:00,0.9734872138299644
2026-08-15,selection,25,2026-08-16T01:10:00+09:00,0.9707191163536459
2026-08-15,selection,26,2026-08-16T01:50:00+09:00,0.9707191163536459
2026-08-15,selection,27,2026-08-16T00:20:00+09:00,0.9690716465042178
2026-08-15,selection,28,2026-08-16T00:50:00+09:00,0.9690716465042178
2026-08-15,selection,29,2026-08-16T01:50:00+09:00,0.9657913485297538
2026-08-15,selection,30,2026-08-16T01:20:00+09:00,0.9657913485297538
2026-08-15,selection,31,2026-08-16T00:40:00+09:00,0.9649136048048711
2026-08-15,selection,32,2026-08-16T00:00:00+09:00,0.9649136048048711
2026-08-15,selection,33,2026-08-16T00:20:00+09:00,0.9631356047836114
2026-08-15,selection,34,2026-08-16T00:50:00+09:00,0.9631356047836114
2026-08-15,selection,35,2026-08-16T00:40:00+09:00,0.961150911865262
2026-08-15,selection,36,2026-08-16T00:10:00+09:00,0.961150911865262
2026-08-15,selection,37,2026-08-16T00:10:00+09:00,0.9602158394570598
2026-08-15,selection,38,2026-08-16T00:40:00+09:00,0.9602158394570598
2026-08-15,selection,39,2026-08-16T01:40:00+09:00,0.9598754002518795
2026-08-15,selection,40,2026-08-16T00:40:00+09:00,0.9598697117831596
2026-08-15,selection,41,2026-08-16T00:00:00+09:00,0.9598697117831596
2026-08-15,selection,42,2026-08-16T01:10:00+09:00,0.9578974254995022
2026-08-15,selection,43,2026-08-16T01:40:00+09:00,0.9578974254995022
2026-08-15,selection,44,2026-08-16T01:40:00+09:00,0.9575185512328767
2026-08-15,selection,45,2026-08-16T01:10:00+09:00,0.9575185512328767
2026-08-15,selection,46,2026-08-16T01:30:00+09:00,0.9569655183021878
2026-08-15,selection,47,2026-08-16T01:50:00+09:00,0.956620562267053
2026-08-15,selection,48,2026-08-16T01:10:00+09:00,0.956620562267053
2026-08-15,selection,49,2026-08-16T00:00:00+09:00,0.9552553483625229
2026-08-15,selection,50,2026-08-16T00:50:00+09:00,0.9552553483625229
2026-08-15,selection,51,2026-08-16T01:20:00+09:00,0.9539845540300705
2026-08-15,selection,52,2026-08-16T01:50:00+09:00,0.9539845540300705
2026-08-15,selection,53,2026-08-16T01:30:00+09:00,0.9523510900127299
2026-08-15,selection,54,2026-08-16T01:30:00+09:00,0.9520218184211267
2026-08-15,selection,55,2026-08-16T01:40:00+09:00,0.9510498847709088
2026-08-15,selection,56,2026-08-16T00:20:00+09:00,0.9475069154590887
2026-08-15,selection,57,2026-08-16T00:50:00+09:00,0.9475069154590887
2026-08-15,selection,58,2026-08-16T00:50:00+09:00,0.9472397347626966
2026-08-15,selection,59,2026-08-16T00:00:00+09:00,0.9472397347626966
2026-08-15,selection,60,2026-08-16T01:30:00+09:00,0.9442996138867198
2026-08-15,selection,61,2026-08-16T00:30:00+09:00,0.9418958043940214
2026-08-15,selection,62,2026-08-16T00:00:00+09:00,0.9418958043940214
2026-08-15,selection,63,2026-08-16T00:10:00+09:00,0.9411502645532867
2026-08-15,selection,64,2026-08-16T00:50:00+09:00,0.9411502645532867
2026-08-15,selection,65,2026-08-16T01:40:00+09:00,0.9387074963773174
2026-08-15,selection,66,2026-08-16T01:00:00+09:00,0.9387074963773174
2026-08-15,selection,67,2026-08-16T00:10:00+09:00,0.937774486250288
2026-08-15,selection,68,2026-08-16T00:40:00+09:00,0.937774486250288
2026-08-15,selection,69,2026-08-16T01:50:00+09:00,0.9366412396632334
2026-08-15,selection,70,2026-08-16T01:20:00+09:00,0.9366412396632334
2026-08-15,selection,71,2026-08-16T01:10:00+09:00,0.9346001288548903
2026-08-15,selection,72,2026-08-16T01:40:00+09:00,0.9346001288548903
2026-08-15,selection,73,2026-08-15T23:50:00+09:00,0.9328530981683463
2026-08-15,selection,74,2026-08-15T23:10:00+09:00,0.9328530981683463
2026-08-15,selection,75,2026-08-15T23:00:00+09:00,0.9312558165741259
2026-08-15,selection,76,2026-08-15T23:30:00+09:00,0.9312558165741259
2026-08-15,selection,77,2026-08-16T01:30:00+09:00,0.930983479756468
2026-08-15,selection,78,2026-08-15T23:10:00+09:00,0.9299834339804477
2026-08-15,selection,79,2026-08-15T23:40:00+09:00,0.9299834339804477
2026-08-15,selection,80,2026-08-15T23:00:00+09:00,0.9207461268392831
2026-08-15,selection,81,2026-08-15T23:40:00+09:00,0.9207461268392831
2026-08-15,selection,82,2026-08-16T00:10:00+09:00,0.9205785275527618
2026-08-15,selection,83,2026-08-16T00:40:00+09:00,0.9205785275527618
2026-08-15,selection,84,2026-08-16T00:50:00+09:00,0.9190478132885662
2026-08-15,selection,85,2026-08-16T00:20:00+09:00,0.9190478132885662
2026-08-15,selection,86,2026-08-16T01:40:00+09:00,0.9159368454966167
2026-08-15,selection,87,2026-08-16T00:50:00+09:00,0.9139178770729912
2026-08-15,selection,88,2026-08-16T00:00:00+09:00,0.9139178770729912
2026-08-15,selection,89,2026-08-16T00:30:00+09:00,0.9130659322458016
2026-08-15,selection,90,2026-08-16T00:00:00+09:00,0.9130659322458016
2026-08-15,selection,91,2026-08-16T01:20:00+09:00,0.9108242740645824
2026-08-15,selection,92,2026-08-16T01:50:00+09:00,0.9108242740645824
2026-08-15,selection,93,2026-08-16T00:20:00+09:00,0.9076043291167434
2026-08-15,selection,94,2026-08-16T00:50:00+09:00,0.9076043291167434
2026-08-15,selection,95,2026-08-16T00:10:00+09:00,0.9028968995264819
2026-08-15,selection,96,2026-08-16T00:40:00+09:00,0.9028968995264819
2026-08-15,selection,97,2026-08-15T23:30:00+09:00,0.9024572081783926
2026-08-15,selection,98,2026-08-15T23:00:00+09:00,0.9024572081783926
2026-08-15,selection,99,2026-08-16T01:30:00+09:00,0.9019652535498579
2026-08-15,selection,100,2026-08-16T00:50:00+09:00,0.901637932938465
2026-08-15,selection,101,2026-08-16T00:20:00+09:00,0.901637932938465
2026-08-15,selection,102,2026-08-16T01:20:00+09:00,0.9007625715294402
2026-08-15,selection,103,2026-08-16T01:50:00+09:00,0.9007625715294402
2026-08-15,selection,104,2026-08-16T00:10:00+09:00,0.9003736542562142
2026-08-15,selection,105,2026-08-16T00:40:00+09:00,0.9003736542562142
2026-08-15,selection,106,2026-08-16T01:50:00+09:00,0.8986632791905329
2026-08-15,selection,107,2026-08-16T01:00:00+09:00,0.8986632791905329
2026-08-15,selection,108,2026-08-16T02:20:00+09:00,0.895850089561062
2026-08-15,selection,109,2026-08-16T02:50:00+09:00,0.895850089561062
2026-08-15,selection,110,2026-08-15T23:40:00+09:00,0.8949003379168794
2026-08-15,selection,111,2026-08-15T23:10:00+09:00,0.8949003379168794
2026-08-15,selection,112,2026-08-15T23:30:00+09:00,0.8940489741726001
2026-08-15,selection,113,2026-08-15T23:00:00+09:00,0.8940489741726001
2026-08-15,selection,114,2026-08-15T23:20:00+09:00,0.891690478792415
2026-08-15,selection,115,2026-08-16T01:50:00+09:00,0.8902995353060512
2026-08-15,selection,116,2026-08-16T01:10:00+09:00,0.8902995353060512
2026-08-15,selection,117,2026-08-16T00:30:00+09:00,0.8884296397442375
2026-08-15,selection,118,2026-08-16T00:00:00+09:00,0.8884296397442375
2026-08-15,selection,119,2026-08-16T02:10:00+09:00,0.8883485450676197
2026-08-15,selection,120,2026-08-16T02:40:00+09:00,0.8883485450676197
2026-08-15,selection,121,2026-08-15T23:00:00+09:00,0.8880058127877314
2026-08-15,selection,122,2026-08-15T23:40:00+09:00,0.8880058127877314
2026-08-15,selection,123,2026-08-16T02:20:00+09:00,0.887503414373721
2026-08-15,selection,124,2026-08-16T02:50:00+09:00,0.887503414373721
2026-08-15,selection,125,2026-08-16T01:30:00+09:00,0.8868144334785281
2026-08-15,selection,126,2026-08-15T23:30:00+09:00,0.8854807804972065
2026-08-15,selection,127,2026-08-15T23:00:00+09:00,0.8854807804972065
2026-08-15,selection,128,2026-08-16T00:00:00+09:00,0.8849864235914174
2026-08-15,selection,129,2026-08-16T00:40:00+09:00,0.8849864235914174
2026-08-15,selection,130,2026-08-15T23:20:00+09:00,0.8824280744141803
2026-08-15,selection,131,2026-08-16T02:20:00+09:00,0.8815044965094666
2026-08-15,selection,132,2026-08-16T02:50:00+09:00,0.8815044965094666
2026-08-15,selection,133,2026-08-15T23:30:00+09:00,0.8809857173782275
2026-08-15,selection,134,2026-08-15T23:00:00+09:00,0.8809857173782275
2026-08-15,selection,135,2026-08-16T02:40:00+09:00,0.8789979506221804
2026-08-15,selection,136,2026-08-15T23:10:00+09:00,0.8755892454120108
2026-08-15,selection,137,2026-08-15T23:40:00+09:00,0.8755892454120108
2026-08-15,selection,138,2026-08-16T00:50:00+09:00,0.8751567641612296
2026-08-15,selection,139,2026-08-16T00:20:00+09:00,0.8751567641612296
2026-08-15,selection,140,2026-08-16T01:20:00+09:00,0.8750844695988784
2026-08-15,selection,141,2026-08-16T01:50:00+09:00,0.8750844695988784
2026-08-15,selection,142,2026-08-16T02:40:00+09:00,0.8745357970028989
2026-08-15,selection,143,2026-08-15T23:00:00+09:00,0.8737849555839522
2026-08-15,selection,144,2026-08-15T23:40:00+09:00,0.8737849555839522
2026-08-15,selection,145,2026-08-15T23:20:00+09:00,0.8729348786682646
2026-08-15,selection,146,2026-08-15T23:20:00+09:00,0.8726202130414294
2026-08-15,selection,147,2026-08-16T00:30:00+09:00,0.8715171431456105
2026-08-15,selection,148,2026-08-16T00:00:00+09:00,0.8715171431456105
2026-08-15,selection,149,2026-08-15T23:00:00+09:00,0.8714402255526794
2026-08-15,selection,150,2026-08-15T23:30:00+09:00,0.8714402255526794
2026-08-15,selection,151,2026-08-16T02:20:00+09:00,0.8691788339796799
2026-08-15,selection,152,2026-08-16T02:50:00+09:00,0.8691788339796799
2026-08-15,selection,153,2026-08-16T01:20:00+09:00,0.8685670662037412
2026-08-15,selection,154,2026-08-16T01:50:00+09:00,0.8685670662037412
2026-08-15,selection,155,2026-08-15T23:30:00+09:00,0.8684252824776904
2026-08-15,selection,156,2026-08-15T23:00:00+09:00,0.8684252824776904
2026-08-15,selection,157,2026-08-16T02:40:00+09:00,0.8673877538160863
2026-08-15,selection,158,2026-08-16T02:10:00+09:00,0.8673877538160863
2026-08-15,selection,159,2026-08-16T02:30:00+09:00,0.8665439005295802
2026-08-15,selection,160,2026-08-16T02:00:00+09:00,0.8665439005295802
2026-08-15,selection,161,2026-08-16T02:20:00+09:00,0.8662315386497842
2026-08-15,selection,162,2026-08-16T02:50:00+09:00,0.8662315386497842
2026-08-15,selection,163,2026-08-16T01:40:00+09:00,0.8653740879007586
2026-08-15,selection,164,2026-08-16T01:10:00+09:00,0.8653740879007586
2026-08-15,selection,165,2026-08-16T01:30:00+09:00,0.8653647924608991
2026-08-15,selection,166,2026-08-16T00:40:00+09:00,0.8636856357752908
2026-08-15,selection,167,2026-08-16T00:10:00+09:00,0.8636856357752908
2026-08-15,selection,168,2026-08-16T01:30:00+09:00,0.863512258561824
2026-08-15,selection,169,2026-08-16T02:20:00+09:00,0.8620673202390147
2026-08-15,selection,170,2026-08-16T02:50:00+09:00,0.8620673202390147
2026-08-15,selection,171,2026-08-15T23:10:00+09:00,0.8613811606683136
2026-08-15,selection,172,2026-08-15T23:40:00+09:00,0.8613811606683136
2026-08-15,selection,173,2026-08-16T00:40:00+09:00,0.8591895698557417
2026-08-15,selection,174,2026-08-16T00:10:00+09:00,0.8591895698557417
2026-08-15,selection,175,2026-08-16T00:00:00+09:00,0.8591818748265515
2026-08-15,selection,176,2026-08-16T00:30:00+09:00,0.8591818748265515
2026-08-15,selection,177,2026-08-15T23:30:00+09:00,0.8591402484200921
2026-08-15,selection,178,2026-08-15T23:00:00+09:00,0.8591402484200921
2026-08-15,selection,179,2026-08-16T00:10:00+09:00,0.8590839139448129
2026-08-15,selection,180,2026-08-16T00:40:00+09:00,0.8590839139448129
2026-08-15,selection,181,2026-08-16T01:50:00+09:00,0.8562812216279864
2026-08-15,selection,182,2026-08-16T01:20:00+09:00,0.8562812216279864
2026-08-15,selection,183,2026-08-15T23:30:00+09:00,0.8562800840608414
2026-08-15,selection,184,2026-08-15T23:00:00+09:00,0.8562800840608414
2026-08-15,selection,185,2026-08-16T01:30:00+09:00,0.8562735526463942
2026-08-15,selection,186,2026-08-16T01:00:00+09:00,0.8562735526463942
2026-08-15,selection,187,2026-08-16T02:10:00+09:00,0.8550747702359548
2026-08-15,selection,188,2026-08-16T02:40:00+09:00,0.8550747702359548
2026-08-15,selection,189,2026-08-16T00:30:00+09:00,0.8531318630124662
2026-08-15,selection,190,2026-08-16T00:00:00+09:00,0.8531318630124662
2026-08-15,selection,191,2026-08-15T23:20:00+09:00,0.85253338232367
2026-08-15,selection,192,2026-08-16T01:10:00+09:00,0.8514396642638883
2026-08-15,selection,193,2026-08-16T01:50:00+09:00,0.8514396642638883
2026-08-15,selection,194,2026-08-16T02:40:00+09:00,0.8500110399069724
2026-08-15,selection,195,2026-08-16T02:10:00+09:00,0.8500110399069724
2026-08-15,selection,196,2026-08-16T00:40:00+09:00,0.8483828309566495
2026-08-15,selection,197,2026-08-16T00:10:00+09:00,0.8483828309566495
2026-08-15,selection,198,2026-08-15T23:50:00+09:00,0.8479161182140514
2026-08-15,selection,199,2026-08-15T23:20:00+09:00,0.8479161182140514
2026-08-15,selection,200,2026-08-16T02:30:00+09:00,0.8462917687255956
2026-08-17,selection,1,2026-08-18T00:00:00+09:00,0.9999057586185157
2026-08-17,selection,2,2026-08-18T00:30:00+09:00,0.9999057586185157
2026-08-17,selection,3,2026-08-18T00:50:00+09:00,0.9995162007239523
2026-08-17,selection,4,2026-08-18T00:20:00+09:00,0.9995162007239523
2026-08-17,selection,5,2026-08-18T00:10:00+09:00,0.9989081489562026
2026-08-17,selection,6,2026-08-18T00:50:00+09:00,0.9989081489562026
2026-08-17,selection,7,2026-08-18T00:00:00+09:00,0.9971333660278773
2026-08-17,selection,8,2026-08-18T00:40:00+09:00,0.9971333660278773
2026-08-17,selection,9,2026-08-18T00:00:00+09:00,0.993691663552326
2026-08-17,selection,10,2026-08-18T00:30:00+09:00,0.993691663552326
2026-08-17,selection,11,2026-08-18T00:10:00+09:00,0.9932538681728015
2026-08-17,selection,12,2026-08-18T00:50:00+09:00,0.9932538681728015
2026-08-17,selection,13,2026-08-18T00:40:00+09:00,0.9881351903545896
2026-08-17,selection,14,2026-08-18T00:00:00+09:00,0.9881351903545896
2026-08-17,selection,15,2026-08-18T01:00:00+09:00,0.9719756433633565
2026-08-17,selection,16,2026-08-18T01:30:00+09:00,0.9719756433633565
2026-08-17,selection,17,2026-08-18T01:40:00+09:00,0.9586809519500264
2026-08-17,selection,18,2026-08-18T01:00:00+09:00,0.9586809519500264
2026-08-17,selection,19,2026-08-18T01:50:00+09:00,0.9568312581078285
2026-08-17,selection,20,2026-08-18T01:20:00+09:00,0.9568312581078285
2026-08-17,selection,21,2026-08-18T01:30:00+09:00,0.95142565740098
2026-08-17,selection,22,2026-08-18T01:00:00+09:00,0.95142565740098
2026-08-17,selection,23,2026-08-18T00:30:00+09:00,0.9487722569908583
2026-08-17,selection,24,2026-08-18T00:00:00+09:00,0.9487722569908583
2026-08-17,selection,25,2026-08-18T01:50:00+09:00,0.9450962816715943
2026-08-17,selection,26,2026-08-18T01:20:00+09:00,0.9450962816715943
2026-08-17,selection,27,2026-08-17T23:00:00+09:00,0.9442672998602898
2026-08-17,selection,28,2026-08-17T23:30:00+09:00,0.9442672998602898
2026-08-17,selection,29,2026-08-17T23:10:00+09:00,0.943692858545089
2026-08-17,selection,30,2026-08-17T23:40:00+09:00,0.943692858545089
2026-08-17,selection,31,2026-08-18T01:50:00+09:00,0.9421793211036833
2026-08-17,selection,32,2026-08-18T01:20:00+09:00,0.9421793211036833
2026-08-17,selection,33,2026-08-17T23:30:00+09:00,0.9420161778846314
2026-08-17,selection,34,2026-08-17T23:00:00+09:00,0.9420161778846314
2026-08-17,selection,35,2026-08-18T01:50:00+09:00,0.9416061500021851
2026-08-17,selection,36,2026-08-18T01:20:00+09:00,0.9416061500021851
2026-08-17,selection,37,2026-08-18T01:50:00+09:00,0.9399331768444665
2026-08-17,selection,38,2026-08-18T01:20:00+09:00,0.9399331768444665
2026-08-17,selection,39,2026-08-17T23:20:00+09:00,0.9378593742505726
2026-08-17,selection,40,2026-08-18T02:50:00+09:00,0.9371723214834511
2026-08-17,selection,41,2026-08-18T02:00:00+09:00,0.9371723214834511
2026-08-17,selection,42,2026-08-17T23:30:00+09:00,0.9359971146262996
2026-08-17,selection,43,2026-08-17T23:00:00+09:00,0.9359971146262996
2026-08-17,selection,44,2026-08-18T01:20:00+09:00,0.934595138745471
2026-08-17,selection,45,2026-08-18T01:50:00+09:00,0.934595138745471
2026-08-17,selection,46,2026-08-18T00:10:00+09:00,0.9323425885342133
2026-08-17,selection,47,2026-08-18T00:50:00+09:00,0.9323425885342133
2026-08-17,selection,48,2026-08-17T23:30:00+09:00,0.9316202484557375
2026-08-17,selection,49,2026-08-17T23:00:00+09:00,0.9316202484557375
2026-08-17,selection,50,2026-08-18T02:40:00+09:00,0.9243536702134224
2026-08-17,selection,51,2026-08-18T02:10:00+09:00,0.9243536702134224
2026-08-17,selection,52,2026-08-18T01:50:00+09:00,0.9235701665193498
2026-08-17,selection,53,2026-08-18T01:20:00+09:00,0.9235701665193498
2026-08-17,selection,54,2026-08-18T00:40:00+09:00,0.9198918415180646
2026-08-17,selection,55,2026-08-18T00:00:00+09:00,0.9198918415180646
2026-08-17,selection,56,2026-08-17T23:20:00+09:00,0.919648487209944
2026-08-17,selection,57,2026-08-18T00:30:00+09:00,0.9168658565546405
2026-08-17,selection,58,2026-08-18T00:00:00+09:00,0.9168658565546405
2026-08-17,selection,59,2026-08-18T01:30:00+09:00,0.9107287723199725
2026-08-17,selection,60,2026-08-18T01:50:00+09:00,0.9081608434335807
2026-08-17,selection,61,2026-08-18T01:20:00+09:00,0.9081608434335807
2026-08-17,selection,62,2026-08-18T00:20:00+09:00,0.904338746584733
2026-08-17,selection,63,2026-08-18T00:50:00+09:00,0.904338746584733
2026-08-17,selection,64,2026-08-18T01:00:00+09:00,0.8925112908547395
2026-08-17,selection,65,2026-08-18T01:50:00+09:00,0.8925112908547395
2026-08-17,selection,66,2026-08-18T00:10:00+09:00,0.8904802049806392
2026-08-17,selection,67,2026-08-18T00:40:00+09:00,0.8904802049806392
2026-08-17,selection,68,2026-08-17T23:10:00+09:00,0.8901030822250522
2026-08-17,selection,69,2026-08-18T00:30:00+09:00,0.889022504347547
2026-08-17,selection,70,2026-08-18T00:00:00+09:00,0.889022504347547
2026-08-17,selection,71,2026-08-18T01:20:00+09:00,0.8877548792067589
2026-08-17,selection,72,2026-08-18T01:50:00+09:00,0.8877548792067589
2026-08-17,selection,73,2026-08-18T01:20:00+09:00,0.8833400156785737
2026-08-17,selection,74,2026-08-18T01:50:00+09:00,0.8833400156785737
2026-08-17,selection,75,2026-08-18T02:20:00+09:00,0.8820871348737828
2026-08-17,selection,76,2026-08-18T02:50:00+09:00,0.8820871348737828
2026-08-17,selection,77,2026-08-18T00:20:00+09:00,0.8801005766208921
2026-08-17,selection,78,2026-08-18T00:50:00+09:00,0.8801005766208921
2026-08-17,selection,79,2026-08-18T00:40:00+09:00,0.8756468307869805
2026-08-17,selection,80,2026-08-18T00:00:00+09:00,0.8756468307869805
2026-08-17,selection,81,2026-08-18T01:50:00+09:00,0.8732307733751294
2026-08-17,selection,82,2026-08-18T01:10:00+09:00,0.8732307733751294
2026-08-17,selection,83,2026-08-17T23:10:00+09:00,0.8653085318241974
2026-08-17,selection,84,2026-08-17T23:40:00+09:00,0.8653085318241974
2026-08-17,selection,85,2026-08-18T01:20:00+09:00,0.8604921804544002
2026-08-17,selection,86,2026-08-18T01:50:00+09:00,0.8604921804544002
2026-08-17,selection,87,2026-08-18T01:10:00+09:00,0.8600224080442648
2026-08-17,selection,88,2026-08-18T01:40:00+09:00,0.8600224080442648
2026-08-17,selection,89,2026-08-18T01:20:00+09:00,0.8572753862513418
2026-08-17,selection,90,2026-08-18T01:50:00+09:00,0.8572753862513418
2026-08-17,selection,91,2026-08-18T01:10:00+09:00,0.8568857714465391
2026-08-17,selection,92,2026-08-18T01:50:00+09:00,0.8568857714465391
2026-08-17,selection,93,2026-08-18T01:30:00+09:00,0.8567226013559174
2026-08-17,selection,94,2026-08-17T23:20:00+09:00,0.856202610171017
2026-08-17,selection,95,2026-08-18T02:40:00+09:00,0.8559672320342678
2026-08-17,selection,96,2026-08-18T01:20:00+09:00,0.8557524257842433
2026-08-17,selection,97,2026-08-18T01:50:00+09:00,0.8557524257842433
2026-08-17,selection,98,2026-08-17T23:00:00+09:00,0.8554778556633222
2026-08-17,selection,99,2026-08-17T23:30:00+09:00,0.8554778556633222
2026-08-17,selection,100,2026-08-18T00:00:00+09:00,0.8527654888183097
2026-08-17,selection,101,2026-08-18T00:30:00+09:00,0.8527654888183097
2026-08-17,selection,102,2026-08-17T23:00:00+09:00,0.8482225086435256
2026-08-17,selection,103,2026-08-17T23:40:00+09:00,0.8482225086435256
2026-08-17,selection,104,2026-08-18T01:30:00+09:00,0.8428773129046729
2026-08-17,selection,105,2026-08-18T00:20:00+09:00,0.8411013549491251
2026-08-17,selection,106,2026-08-18T02:20:00+09:00,0.8365811046273398
2026-08-17,selection,107,2026-08-18T02:50:00+09:00,0.8365811046273398
2026-08-17,selection,108,2026-08-17T23:30:00+09:00,0.8356024751466875
2026-08-17,selection,109,2026-08-17T23:00:00+09:00,0.8356024751466875
2026-08-17,selection,110,2026-08-18T02:50:00+09:00,0.8339089573617995
2026-08-17,selection,111,2026-08-18T02:20:00+09:00,0.8339089573617995
2026-08-17,selection,112,2026-08-18T02:40:00+09:00,0.8322841933942823
2026-08-17,selection,113,2026-08-18T02:20:00+09:00,0.8313119195964788
2026-08-17,selection,114,2026-08-18T02:50:00+09:00,0.8313119195964788
2026-08-17,selection,115,2026-08-18T00:50:00+09:00,0.8298872123782414
2026-08-17,selection,116,2026-08-18T00:20:00+09:00,0.8298872123782414
2026-08-17,selection,117,2026-08-18T00:40:00+09:00,0.8264066450696764
2026-08-17,selection,118,2026-08-18T00:10:00+09:00,0.8264066450696764
2026-08-17,selection,119,2026-08-18T00:50:00+09:00,0.8244247505736612
2026-08-17,selection,120,2026-08-18T00:20:00+09:00,0.8244247505736612
2026-08-17,selection,121,2026-08-17T23:30:00+09:00,0.8230305257536109
2026-08-17,selection,122,2026-08-17T23:00:00+09:00,0.8230305257536109
2026-08-17,selection,123,2026-08-17T23:20:00+09:00,0.8225367365608628
2026-08-17,selection,124,2026-08-17T23:10:00+09:00,0.821869857546514
2026-08-17,selection,125,2026-08-17T23:50:00+09:00,0.821869857546514
2026-08-17,selection,126,2026-08-18T02:50:00+09:00,0.8215572589601321
2026-08-17,selection,127,2026-08-18T02:20:00+09:00,0.8215572589601321
2026-08-17,selection,128,2026-08-18T02:20:00+09:00,0.818614508253334
2026-08-17,selection,129,2026-08-18T02:50:00+09:00,0.818614508253334
2026-08-17,selection,130,2026-08-18T02:20:00+09:00,0.8131686610029925
2026-08-17,selection,131,2026-08-18T02:50:00+09:00,0.8131686610029925
2026-08-17,selection,132,2026-08-18T00:00:00+09:00,0.8121169041096685
2026-08-17,selection,133,2026-08-18T00:40:00+09:00,0.8121169041096685
2026-08-17,selection,134,2026-08-18T02:50:00+09:00,0.8114548168505443
2026-08-17,selection,135,2026-08-18T02:10:00+09:00,0.8114548168505443
2026-08-17,selection,136,2026-08-18T01:30:00+09:00,0.8103983780439338
2026-08-17,selection,137,2026-08-18T00:00:00+09:00,0.8075625575707656
2026-08-17,selection,138,2026-08-18T00:30:00+09:00,0.8075625575707656
2026-08-17,selection,139,2026-08-18T02:30:00+09:00,0.802388409559562
2026-08-17,selection,140,2026-08-18T02:30:00+09:00,0.8018609826365517
2026-08-17,selection,141,2026-08-18T02:40:00+09:00,0.801373173646934
2026-08-17,selection,142,2026-08-18T00:30:00+09:00,0.8011847553146911
2026-08-17,selection,143,2026-08-18T00:00:00+09:00,0.8011847553146911
2026-08-17,selection,144,2026-08-18T02:30:00+09:00,0.7999493556219307
2026-08-17,selection,145,2026-08-18T01:20:00+09:00,0.7988301664435398
2026-08-17,selection,146,2026-08-18T01:50:00+09:00,0.7988301664435398
2026-08-17,selection,147,2026-08-18T00:00:00+09:00,0.797173297490883
2026-08-17,selection,148,2026-08-18T00:50:00+09:00,0.797173297490883
2026-08-17,selection,149,2026-08-18T02:40:00+09:00,0.7939289902238593
2026-08-17,selection,150,2026-08-18T01:20:00+09:00,0.7935721275107077
2026-08-17,selection,151,2026-08-18T01:50:00+09:00,0.7935721275107077
2026-08-17,selection,152,2026-08-18T00:00:00+09:00,0.7906803185535918
2026-08-17,selection,153,2026-08-18T00:30:00+09:00,0.7906803185535918
2026-08-17,selection,154,2026-08-17T22:20:00+09:00,0.7832970834336557
2026-08-17,selection,155,2026-08-17T22:30:00+09:00,0.7828205677194431
2026-08-17,selection,156,2026-08-17T22:00:00+09:00,0.7828205677194431
2026-08-17,selection,157,2026-08-17T22:30:00+09:00,0.7820385499538549
2026-08-17,selection,158,2026-08-17T22:00:00+09:00,0.7820385499538549
2026-08-17,selection,159,2026-08-17T22:30:00+09:00,0.7814297125332259
2026-08-17,selection,160,2026-08-17T22:00:00+09:00,0.7814297125332259
2026-08-17,selection,161,2026-08-18T00:20:00+09:00,0.7809552248220878
2026-08-17,selection,162,2026-08-18T00:50:00+09:00,0.7809552248220878
2026-08-17,selection,163,2026-08-18T02:20:00+09:00,0.7800503394944297
2026-08-17,selection,164,2026-08-18T02:50:00+09:00,0.7800503394944297
2026-08-17,selection,165,2026-08-17T23:10:00+09:00,0.7800205341987039
2026-08-17,selection,166,2026-08-17T23:50:00+09:00,0.7800205341987039
2026-08-17,selection,167,2026-08-18T00:50:00+09:00,0.7788741710625172
2026-08-17,selection,168,2026-08-18T00:00:00+09:00,0.7788741710625172
2026-08-17,selection,169,2026-08-18T00:00:00+09:00,0.7787963588267508
2026-08-17,selection,170,2026-08-18T00:30:00+09:00,0.7787963588267508
2026-08-17,selection,171,2026-08-18T01:00:00+09:00,0.7771756132084553
2026-08-17,selection,172,2026-08-18T01:30:00+09:00,0.7771756132084553
2026-08-17,selection,173,2026-08-17T23:00:00+09:00,0.7748863035330231
2026-08-17,selection,174,2026-08-17T23:40:00+09:00,0.7748863035330231
2026-08-17,selection,175,2026-08-17T22:00:00+09:00,0.7740661028162892
2026-08-17,selection,176,2026-08-17T22:50:00+09:00,0.7740661028162892
2026-08-17,selection,177,2026-08-18T01:50:00+09:00,0.7735610981382135
2026-08-17,selection,178,2026-08-18T01:00:00+09:00,0.7735610981382135
2026-08-17,selection,179,2026-08-17T23:30:00+09:00,0.7724743705064182
2026-08-17,selection,180,2026-08-17T23:00:00+09:00,0.7724743705064182
2026-08-17,selection,181,2026-08-18T01:50:00+09:00,0.7693497456757425
2026-08-17,selection,182,2026-08-18T01:10:00+09:00,0.7693497456757425
2026-08-17,selection,183,2026-08-17T22:20:00+09:00,0.7689166146077315
2026-08-17,selection,184,2026-08-18T01:30:00+09:00,0.7673405113618591
2026-08-17,selection,185,2026-08-17T23:00:00+09:00,0.7672266198978056
2026-08-17,selection,186,2026-08-17T23:30:00+09:00,0.7672266198978056
2026-08-17,selection,187,2026-08-18T02:40:00+09:00,0.7664375042601144
2026-08-17,selection,188,2026-08-18T00:00:00+09:00,0.7657026872084197
2026-08-17,selection,189,2026-08-18T00:50:00+09:00,0.7657026872084197
2026-08-17,selection,190,2026-08-18T01:40:00+09:00,0.7655301162869248
2026-08-17,selection,191,2026-08-18T01:10:00+09:00,0.7655301162869248
2026-08-17,selection,192,2026-08-18T03:50:00+09:00,0.76406316218591
2026-08-17,selection,193,2026-08-18T03:20:00+09:00,0.76406316218591
2026-08-17,selection,194,2026-08-17T23:40:00+09:00,0.7633519769511351
2026-08-17,selection,195,2026-08-17T23:10:00+09:00,0.7633519769511351
2026-08-17,selection,196,2026-08-17T23:00:00+09:00,0.7629240177931043
2026-08-17,selection,197,2026-08-17T23:30:00+09:00,0.7629240177931043
2026-08-17,selection,198,2026-08-18T02:00:00+09:00,0.7620933390602489
2026-08-17,selection,199,2026-08-18T02:40:00+09:00,0.7620933390602489
2026-08-17,selection,200,2026-08-18T01:00:00+09:00,0.7612370281639044
2026-08-19,selection,1,2026-08-20T00:00:00+09:00,0.996999939311035
2026-08-19,selection,2,2026-08-20T00:30:00+09:00,0.996999939311035
2026-08-19,selection,3,2026-08-20T00:20:00+09:00,0.9773604886632706
2026-08-19,selection,4,2026-08-20T00:50:00+09:00,0.9773604886632706
2026-08-19,selection,5,2026-08-20T00:50:00+09:00,0.959155327531182
2026-08-19,selection,6,2026-08-20T00:20:00+09:00,0.959155327531182
2026-08-19,selection,7,2026-08-20T00:50:00+09:00,0.9567514018219347
2026-08-19,selection,8,2026-08-20T00:10:00+09:00,0.9567514018219347
2026-08-19,selection,9,2026-08-20T00:20:00+09:00,0.9537431074321179
2026-08-19,selection,10,2026-08-20T00:50:00+09:00,0.9537431074321179
2026-08-19,selection,11,2026-08-20T00:40:00+09:00,0.9534135556614495
2026-08-19,selection,12,2026-08-20T00:10:00+09:00,0.9534135556614495
2026-08-19,selection,13,2026-08-20T01:00:00+09:00,0.9514025029704999
2026-08-19,selection,14,2026-08-20T01:30:00+09:00,0.9514025029704999
2026-08-19,selection,15,2026-08-20T00:40:00+09:00,0.9489189468991168
2026-08-19,selection,16,2026-08-20T00:00:00+09:00,0.9489189468991168
2026-08-19,selection,17,2026-08-20T01:50:00+09:00,0.9436038109344336
2026-08-19,selection,18,2026-08-20T01:20:00+09:00,0.9436038109344336
2026-08-19,selection,19,2026-08-20T01:20:00+09:00,0.9403184990054647
2026-08-19,selection,20,2026-08-20T01:50:00+09:00,0.9403184990054647
2026-08-19,selection,21,2026-08-20T00:10:00+09:00,0.934708119712333
2026-08-19,selection,22,2026-08-20T00:40:00+09:00,0.934708119712333
2026-08-19,selection,23,2026-08-20T00:00:00+09:00,0.9344420967119105
2026-08-19,selection,24,2026-08-20T00:30:00+09:00,0.9344420967119105
2026-08-19,selection,25,2026-08-19T23:10:00+09:00,0.9303469091568379
2026-08-19,selection,26,2026-08-20T01:50:00+09:00,0.9207161417595392
2026-08-19,selection,27,2026-08-20T01:20:00+09:00,0.9207161417595392
2026-08-19,selection,28,2026-08-20T01:40:00+09:00,0.916090610734889
2026-08-19,selection,29,2026-08-20T01:00:00+09:00,0.916090610734889
2026-08-19,selection,30,2026-08-20T01:30:00+09:00,0.9098095270187618
2026-08-19,selection,31,2026-08-20T01:30:00+09:00,0.9050203514661596
2026-08-19,selection,32,2026-08-20T01:20:00+09:00,0.9026729235312398
2026-08-19,selection,33,2026-08-20T01:50:00+09:00,0.9026729235312398
2026-08-19,selection,34,2026-08-20T01:30:00+09:00,0.9004426371664873
2026-08-19,selection,35,2026-08-19T23:20:00+09:00,0.8999851282503496
2026-08-19,selection,36,2026-08-19T23:50:00+09:00,0.8999851282503496
2026-08-19,selection,37,2026-08-19T23:10:00+09:00,0.8994620550677609
2026-08-19,selection,38,2026-08-19T23:40:00+09:00,0.8994620550677609
2026-08-19,selection,39,2026-08-20T00:50:00+09:00,0.898420737599521
2026-08-19,selection,40,2026-08-20T00:20:00+09:00,0.898420737599521
2026-08-19,selection,41,2026-08-19T23:50:00+09:00,0.8982793547339027
2026-08-19,selection,42,2026-08-19T23:00:00+09:00,0.8982793547339027
2026-08-19,selection,43,2026-08-20T00:10:00+09:00,0.8975720856109725
2026-08-19,selection,44,2026-08-20T00:50:00+09:00,0.8975720856109725
2026-08-19,selection,45,2026-08-19T23:30:00+09:00,0.8937357372996605
2026-08-19,selection,46,2026-08-19T23:00:00+09:00,0.8937357372996605
2026-08-19,selection,47,2026-08-19T23:00:00+09:00,0.8896744319471223
2026-08-19,selection,48,2026-08-19T23:40:00+09:00,0.8896744319471223
2026-08-19,selection,49,2026-08-19T23:40:00+09:00,0.8861966224955766
2026-08-19,selection,50,2026-08-19T23:00:00+09:00,0.8861966224955766
2026-08-19,selection,51,2026-08-20T01:40:00+09:00,0.8831868950721742
2026-08-19,selection,52,2026-08-20T00:20:00+09:00,0.8739954574938262
2026-08-19,selection,53,2026-08-20T00:50:00+09:00,0.8739954574938262
2026-08-19,selection,54,2026-08-19T23:00:00+09:00,0.8727694873969307
2026-08-19,selection,55,2026-08-19T23:30:00+09:00,0.8727694873969307
2026-08-19,selection,56,2026-08-20T00:00:00+09:00,0.8700894453851606
2026-08-19,selection,57,2026-08-20T00:30:00+09:00,0.8700894453851606
2026-08-19,selection,58,2026-08-20T00:00:00+09:00,0.868814540153332
2026-08-19,selection,59,2026-08-20T00:50:00+09:00,0.868814540153332
2026-08-19,selection,60,2026-08-20T01:30:00+09:00,0.8642512844710534
2026-08-19,selection,61,2026-08-19T23:10:00+09:00,0.863363217879701
2026-08-19,selection,62,2026-08-20T00:50:00+09:00,0.8585825183590885
2026-08-19,selection,63,2026-08-20T00:10:00+09:00,0.8585825183590885
2026-08-19,selection,64,2026-08-20T01:30:00+09:00,0.8533549841403834
2026-08-19,selection,65,2026-08-20T01:00:00+09:00,0.8533549841403834
2026-08-19,selection,66,2026-08-20T01:30:00+09:00,0.8517519121891599
2026-08-19,selection,67,2026-08-20T00:00:00+09:00,0.8508923521108409
2026-08-19,selection,68,2026-08-20T00:50:00+09:00,0.8508923521108409
2026-08-19,selection,69,2026-08-20T01:50:00+09:00,0.8507572966024919
2026-08-19,selection,70,2026-08-20T01:00:00+09:00,0.8507572966024919
2026-08-19,selection,71,2026-08-20T01:50:00+09:00,0.8452448263004962
2026-08-19,selection,72,2026-08-20T01:20:00+09:00,0.8452448263004962
2026-08-19,selection,73,2026-08-20T02:50:00+09:00,0.839685130586232
2026-08-19,selection,74,2026-08-20T02:20:00+09:00,0.839685130586232
2026-08-19,selection,75,2026-08-20T00:10:00+09:00,0.8374325131017905
2026-08-19,selection,76,2026-08-20T00:50:00+09:00,0.8374325131017905
2026-08-19,selection,77,2026-08-20T00:10:00+09:00,0.8374266122139041
2026-08-19,selection,78,2026-08-20T00:50:00+09:00,0.8374266122139041
2026-08-19,selection,79,2026-08-20T01:30:00+09:00,0.8373182371253214
2026-08-19,selection,80,2026-08-20T01:00:00+09:00,0.8373182371253214
2026-08-19,selection,81,2026-08-20T00:00:00+09:00,0.834266535989944
2026-08-19,selection,82,2026-08-20T00:30:00+09:00,0.834266535989944
2026-08-19,selection,83,2026-08-19T23:20:00+09:00,0.8307430569293235
2026-08-19,selection,84,2026-08-19T23:00:00+09:00,0.8304593638498091
2026-08-19,selection,85,2026-08-19T23:30:00+09:00,0.8304593638498091
2026-08-19,selection,86,2026-08-19T23:40:00+09:00,0.8298481408557249
2026-08-19,selection,87,2026-08-19T23:00:00+09:00,0.8298481408557249
2026-08-19,selection,88,2026-08-20T02:30:00+09:00,0.8295197960456729
2026-08-19,selection,89,2026-08-20T02:00:00+09:00,0.8295197960456729
2026-08-19,selection,90,2026-08-20T01:20:00+09:00,0.8285748969836165
2026-08-19,selection,91,2026-08-20T01:50:00+09:00,0.8285748969836165
2026-08-19,selection,92,2026-08-20T02:30:00+09:00,0.8269946649142332
2026-08-19,selection,93,2026-08-20T00:10:00+09:00,0.8260782983014523
2026-08-19,selection,94,2026-08-20T00:50:00+09:00,0.8260782983014523
2026-08-19,selection,95,2026-08-19T23:20:00+09:00,0.8254941920630675
2026-08-19,selection,96,2026-08-19T23:50:00+09:00,0.8254941920630675
2026-08-19,selection,97,2026-08-20T00:50:00+09:00,0.8251922834783875
2026-08-19,selection,98,2026-08-20T00:10:00+09:00,0.8251922834783875
2026-08-19,selection,99,2026-08-20T00:50:00+09:00,0.8240296970874739
2026-08-19,selection,100,2026-08-20T00:10:00+09:00,0.8240296970874739
2026-08-19,selection,101,2026-08-20T00:50:00+09:00,0.8223468753491567
2026-08-19,selection,102,2026-08-20T00:00:00+09:00,0.8223468753491567
2026-08-19,selection,103,2026-08-20T01:50:00+09:00,0.8202236231426911
2026-08-19,selection,104,2026-08-20T01:20:00+09:00,0.8202236231426911
2026-08-19,selection,105,2026-08-20T00:00:00+09:00,0.8198485745099341
2026-08-19,selection,106,2026-08-20T00:50:00+09:00,0.8198485745099341
2026-08-19,selection,107,2026-08-20T00:20:00+09:00,0.8191162650908558
2026-08-19,selection,108,2026-08-20T00:50:00+09:00,0.8191162650908558
2026-08-19,selection,109,2026-08-20T02:40:00+09:00,0.8188689363386508
2026-08-19,selection,110,2026-08-20T00:10:00+09:00,0.8184657041929517
2026-08-19,selection,111,2026-08-20T00:50:00+09:00,0.8184657041929517
2026-08-19,selection,112,2026-08-20T02:40:00+09:00,0.8180501233542953
2026-08-19,selection,113,2026-08-20T02:10:00+09:00,0.8180501233542953
2026-08-19,selection,114,2026-08-19T23:30:00+09:00,0.8179893325983968
2026-08-19,selection,115,2026-08-19T23:00:00+09:00,0.8179893325983968
2026-08-19,selection,116,2026-08-20T02:30:00+09:00,0.8178812222861093
2026-08-19,selection,117,2026-08-20T02:00:00+09:00,0.8178812222861093
2026-08-19,selection,118,2026-08-20T00:00:00+09:00,0.8148263025222284
2026-08-19,selection,119,2026-08-20T00:30:00+09:00,0.8148263025222284
2026-08-19,selection,120,2026-08-19T23:30:00+09:00,0.8145451240375496
2026-08-19,selection,121,2026-08-19T23:00:00+09:00,0.8145451240375496
2026-08-19,selection,122,2026-08-20T00:10:00+09:00,0.814297425778688
2026-08-19,selection,123,2026-08-20T00:40:00+09:00,0.814297425778688
2026-08-19,selection,124,2026-08-20T00:30:00+09:00,0.8128293356213885
2026-08-19,selection,125,2026-08-20T00:00:00+09:00,0.8128293356213885
2026-08-19,selection,126,2026-08-19T23:10:00+09:00,0.8113849282238177
2026-08-19,selection,127,2026-08-19T23:20:00+09:00,0.8093963954034021
2026-08-19,selection,128,2026-08-20T02:40:00+09:00,0.8088852852561556
2026-08-19,selection,129,2026-08-20T01:50:00+09:00,0.806672433991875
2026-08-19,selection,130,2026-08-20T01:20:00+09:00,0.806672433991875
2026-08-19,selection,131,2026-08-19T23:20:00+09:00,0.8061011013966862
2026-08-19,selection,132,2026-08-19T23:20:00+09:00,0.8036731641060543
2026-08-19,selection,133,2026-08-19T23:20:00+09:00,0.8027276593883066
2026-08-19,selection,134,2026-08-19T23:00:00+09:00,0.8009102228000569
2026-08-19,selection,135,2026-08-19T23:30:00+09:00,0.8009102228000569
2026-08-19,selection,136,2026-08-20T00:20:00+09:00,0.8001865463422566
2026-08-19,selection,137,2026-08-20T00:50:00+09:00,0.8001865463422566
2026-08-19,selection,138,2026-08-20T00:30:00+09:00,0.7980256168911598
2026-08-19,selection,139,2026-08-20T00:00:00+09:00,0.7980256168911598
2026-08-19,selection,140,2026-08-20T00:30:00+09:00,0.7979887868830865
2026-08-19,selection,141,2026-08-20T00:00:00+09:00,0.7979887868830865
2026-08-19,selection,142,2026-08-20T00:00:00+09:00,0.7958244107778482
2026-08-19,selection,143,2026-08-20T00:30:00+09:00,0.7958244107778482
2026-08-19,selection,144,2026-08-20T00:40:00+09:00,0.7929846461241641
2026-08-19,selection,145,2026-08-20T00:10:00+09:00,0.7929846461241641
2026-08-19,selection,146,2026-08-20T01:30:00+09:00,0.7919238702256491
2026-08-19,selection,147,2026-08-20T02:30:00+09:00,0.7918779690155585
2026-08-19,selection,148,2026-08-20T01:40:00+09:00,0.7882979022012003
2026-08-19,selection,149,2026-08-20T00:00:00+09:00,0.7880735877812743
2026-08-19,selection,150,2026-08-20T00:30:00+09:00,0.7880735877812743
2026-08-19,selection,151,2026-08-20T01:00:00+09:00,0.7872420340418128
2026-08-19,selection,152,2026-08-20T01:50:00+09:00,0.7872420340418128
2026-08-19,selection,153,2026-08-20T02:10:00+09:00,0.7872419841391358
2026-08-19,selection,154,2026-08-20T02:40:00+09:00,0.7872419841391358
2026-08-19,selection,155,2026-08-19T23:20:00+09:00,0.7868957194331372
2026-08-19,selection,156,2026-08-19T23:20:00+09:00,0.7838977860579294
2026-08-19,selection,157,2026-08-20T02:40:00+09:00,0.7821254681192747
2026-08-19,selection,158,2026-08-20T02:10:00+09:00,0.7821254681192747
2026-08-19,selection,159,2026-08-19T23:00:00+09:00,0.7818053905535801
2026-08-19,selection,160,2026-08-19T23:30:00+09:00,0.7818053905535801
2026-08-19,selection,161,2026-08-19T23:30:00+09:00,0.7816527256990584
2026-08-19,selection,162,2026-08-19T23:00:00+09:00,0.7816527256990584
2026-08-19,selection,163,2026-08-20T01:50:00+09:00,0.780354310791385
2026-08-19,selection,164,2026-08-20T01:20:00+09:00,0.780354310791385
2026-08-19,selection,165,2026-08-20T01:30:00+09:00,0.7790946119018579
2026-08-19,selection,166,2026-08-20T01:50:00+09:00,0.7778626310265059
2026-08-19,selection,167,2026-08-20T01:20:00+09:00,0.7778626310265059
2026-08-19,selection,168,2026-08-20T01:40:00+09:00,0.7770560647235814
2026-08-19,selection,169,2026-08-20T01:10:00+09:00,0.7770560647235814
2026-08-19,selection,170,2026-08-20T02:20:00+09:00,0.7763170570133316
2026-08-19,selection,171,2026-08-20T02:50:00+09:00,0.7763170570133316
2026-08-19,selection,172,2026-08-20T00:40:00+09:00,0.7759897055577364
2026-08-19,selection,173,2026-08-20T00:10:00+09:00,0.7759897055577364
2026-08-19,selection,174,2026-08-19T23:00:00+09:00,0.7753996184355052
2026-08-19,selection,175,2026-08-19T23:30:00+09:00,0.7753996184355052
2026-08-19,selection,176,2026-08-20T00:00:00+09:00,0.774456469418977
2026-08-19,selection,177,2026-08-20T00:50:00+09:00,0.774456469418977
2026-08-19,selection,178,2026-08-20T01:20:00+09:00,0.774361214152957
2026-08-19,selection,179,2026-08-20T01:50:00+09:00,0.774361214152957
2026-08-19,selection,180,2026-08-20T01:40:00+09:00,0.7736117008439444
2026-08-19,selection,181,2026-08-20T01:00:00+09:00,0.7736117008439444
2026-08-19,selection,182,2026-08-19T23:00:00+09:00,0.7731988383722488
2026-08-19,selection,183,2026-08-19T23:30:00+09:00,0.7731988383722488
2026-08-19,selection,184,2026-08-20T02:30:00+09:00,0.7723903412359326
2026-08-19,selection,185,2026-08-20T02:00:00+09:00,0.7723903412359326
2026-08-19,selection,186,2026-08-20T01:50:00+09:00,0.771184164585837
2026-08-19,selection,187,2026-08-20T01:20:00+09:00,0.771184164585837
2026-08-19,selection,188,2026-08-19T23:00:00+09:00,0.7708519943114406
2026-08-19,selection,189,2026-08-19T23:40:00+09:00,0.7708519943114406
2026-08-19,selection,190,2026-08-20T01:50:00+09:00,0.7700514403675587
2026-08-19,selection,191,2026-08-20T01:20:00+09:00,0.7700514403675587
2026-08-19,selection,192,2026-08-20T01:20:00+09:00,0.7698880701446016
2026-08-19,selection,193,2026-08-20T01:50:00+09:00,0.7698880701446016
2026-08-19,selection,194,2026-08-20T00:40:00+09:00,0.768771274862615
2026-08-19,selection,195,2026-08-20T00:10:00+09:00,0.768771274862615
2026-08-19,selection,196,2026-08-20T00:10:00+09:00,0.7680237013725203
2026-08-19,selection,197,2026-08-20T00:40:00+09:00,0.7680237013725203
2026-08-19,selection,198,2026-08-20T01:30:00+09:00,0.7663276934083019
2026-08-19,selection,199,2026-08-20T01:00:00+09:00,0.7659992470114063
2026-08-19,selection,200,2026-08-20T01:30:00+09:00,0.7659992470114063
2026-08-23,confirmation,1,2026-08-24T00:20:00+09:00,0.9803107385135631
2026-08-23,confirmation,2,2026-08-24T00:50:00+09:00,0.9803107385135631
2026-08-23,confirmation,3,2026-08-24T00:30:00+09:00,0.962991808189544
2026-08-23,confirmation,4,2026-08-24T00:00:00+09:00,0.962991808189544
2026-08-23,confirmation,5,2026-08-24T00:00:00+09:00,0.9576683865019047
2026-08-23,confirmation,6,2026-08-24T00:30:00+09:00,0.9576683865019047
2026-08-23,confirmation,7,2026-08-24T00:00:00+09:00,0.9477720588645643
2026-08-23,confirmation,8,2026-08-24T00:40:00+09:00,0.9477720588645643
2026-08-23,confirmation,9,2026-08-24T00:40:00+09:00,0.9453489032085418
2026-08-23,confirmation,10,2026-08-24T00:10:00+09:00,0.9453489032085418
2026-08-23,confirmation,11,2026-08-24T01:40:00+09:00,0.9284629263053759
2026-08-23,confirmation,12,2026-08-24T00:30:00+09:00,0.9276997845930167
2026-08-23,confirmation,13,2026-08-24T00:00:00+09:00,0.9276997845930167
2026-08-23,confirmation,14,2026-08-24T01:50:00+09:00,0.9218141401862029
2026-08-23,confirmation,15,2026-08-24T01:10:00+09:00,0.9218141401862029
2026-08-23,confirmation,16,2026-08-23T23:50:00+09:00,0.9150571229566411
2026-08-23,confirmation,17,2026-08-23T23:20:00+09:00,0.9150571229566411
2026-08-23,confirmation,18,2026-08-24T01:10:00+09:00,0.9017606435482837
2026-08-23,confirmation,19,2026-08-24T01:50:00+09:00,0.9017606435482837
2026-08-23,confirmation,20,2026-08-24T00:10:00+09:00,0.8991288636122821
2026-08-23,confirmation,21,2026-08-24T00:40:00+09:00,0.8991288636122821
2026-08-23,confirmation,22,2026-08-23T23:10:00+09:00,0.8966165936614467
2026-08-23,confirmation,23,2026-08-23T23:20:00+09:00,0.8904144684589802
2026-08-23,confirmation,24,2026-08-24T01:40:00+09:00,0.8899641616523648
2026-08-23,confirmation,25,2026-08-24T01:10:00+09:00,0.8899641616523648
2026-08-23,confirmation,26,2026-08-23T23:40:00+09:00,0.8881379581575102
2026-08-23,confirmation,27,2026-08-23T23:10:00+09:00,0.8881379581575102
2026-08-23,confirmation,28,2026-08-23T23:30:00+09:00,0.8879154687489689
2026-08-23,confirmation,29,2026-08-23T23:00:00+09:00,0.8879154687489689
2026-08-23,confirmation,30,2026-08-24T00:00:00+09:00,0.887850625383216
2026-08-23,confirmation,31,2026-08-24T00:40:00+09:00,0.887850625383216
2026-08-23,confirmation,32,2026-08-24T01:20:00+09:00,0.8876888026440514
2026-08-23,confirmation,33,2026-08-24T01:50:00+09:00,0.8876888026440514
2026-08-23,confirmation,34,2026-08-24T00:10:00+09:00,0.8774228792247384
2026-08-23,confirmation,35,2026-08-24T00:50:00+09:00,0.8774228792247384
2026-08-23,confirmation,36,2026-08-24T01:40:00+09:00,0.8736127472352962
2026-08-23,confirmation,37,2026-08-24T01:10:00+09:00,0.8736127472352962
2026-08-23,confirmation,38,2026-08-23T23:20:00+09:00,0.8734240140870715
2026-08-23,confirmation,39,2026-08-24T00:20:00+09:00,0.8614611487268207
2026-08-23,confirmation,40,2026-08-24T00:50:00+09:00,0.8614611487268207
2026-08-23,confirmation,41,2026-08-24T01:50:00+09:00,0.8523010368335427
2026-08-23,confirmation,42,2026-08-24T01:10:00+09:00,0.8523010368335427
2026-08-23,confirmation,43,2026-08-24T01:20:00+09:00,0.8500207296980216
2026-08-23,confirmation,44,2026-08-24T01:50:00+09:00,0.8500207296980216
2026-08-23,confirmation,45,2026-08-24T00:30:00+09:00,0.8447419195986791
2026-08-23,confirmation,46,2026-08-24T00:00:00+09:00,0.8447419195986791
2026-08-23,confirmation,47,2026-08-23T23:20:00+09:00,0.8447150785691833
2026-08-23,confirmation,48,2026-08-24T01:10:00+09:00,0.8442878831865783
2026-08-23,confirmation,49,2026-08-24T01:50:00+09:00,0.8442878831865783
2026-08-23,confirmation,50,2026-08-23T23:00:00+09:00,0.8356997377883476
2026-08-23,confirmation,51,2026-08-23T23:30:00+09:00,0.8356997377883476
2026-08-23,confirmation,52,2026-08-24T01:40:00+09:00,0.8336565175781447
2026-08-23,confirmation,53,2026-08-24T01:10:00+09:00,0.8336565175781447
2026-08-23,confirmation,54,2026-08-24T02:40:00+09:00,0.830286416910049
2026-08-23,confirmation,55,2026-08-24T02:20:00+09:00,0.8280650092627695
2026-08-23,confirmation,56,2026-08-24T02:50:00+09:00,0.8280650092627695
2026-08-23,confirmation,57,2026-08-23T23:10:00+09:00,0.824322704295175
2026-08-23,confirmation,58,2026-08-23T23:40:00+09:00,0.824322704295175
2026-08-23,confirmation,59,2026-08-24T01:30:00+09:00,0.8239058218906986
2026-08-23,confirmation,60,2026-08-23T23:50:00+09:00,0.8186089987630776
2026-08-23,confirmation,61,2026-08-23T23:00:00+09:00,0.8186089987630776
2026-08-23,confirmation,62,2026-08-24T00:20:00+09:00,0.8177638468251816
2026-08-23,confirmation,63,2026-08-24T00:50:00+09:00,0.8177638468251816
2026-08-23,confirmation,64,2026-08-24T00:40:00+09:00,0.8153478763363761
2026-08-23,confirmation,65,2026-08-24T00:00:00+09:00,0.8153478763363761
2026-08-23,confirmation,66,2026-08-23T23:20:00+09:00,0.8143234657441416
2026-08-23,confirmation,67,2026-08-23T23:50:00+09:00,0.8143234657441416
2026-08-23,confirmation,68,2026-08-23T22:20:00+09:00,0.8104933070514639
2026-08-23,confirmation,69,2026-08-24T01:20:00+09:00,0.8084357406045375
2026-08-23,confirmation,70,2026-08-24T01:50:00+09:00,0.8084357406045375
2026-08-23,confirmation,71,2026-08-24T00:00:00+09:00,0.7989261143947081
2026-08-23,confirmation,72,2026-08-24T00:30:00+09:00,0.7989261143947081
2026-08-23,confirmation,73,2026-08-24T01:50:00+09:00,0.7940188643491136
2026-08-23,confirmation,74,2026-08-24T01:20:00+09:00,0.7940188643491136
2026-08-23,confirmation,75,2026-08-23T23:30:00+09:00,0.793619542050628
2026-08-23,confirmation,76,2026-08-23T23:00:00+09:00,0.793619542050628
2026-08-23,confirmation,77,2026-08-24T01:50:00+09:00,0.793218187070102
2026-08-23,confirmation,78,2026-08-24T01:20:00+09:00,0.793218187070102
2026-08-23,confirmation,79,2026-08-24T01:30:00+09:00,0.7909254902098521
2026-08-23,confirmation,80,2026-08-24T00:50:00+09:00,0.7906925748543094
2026-08-23,confirmation,81,2026-08-24T00:10:00+09:00,0.7906925748543094
2026-08-23,confirmation,82,2026-08-24T02:20:00+09:00,0.7888274724371397
2026-08-23,confirmation,83,2026-08-24T02:50:00+09:00,0.7888274724371397
2026-08-23,confirmation,84,2026-08-24T02:30:00+09:00,0.7876860959776221
2026-08-23,confirmation,85,2026-08-24T00:10:00+09:00,0.7850075416203377
2026-08-23,confirmation,86,2026-08-24T00:40:00+09:00,0.7850075416203377
2026-08-23,confirmation,87,2026-08-24T01:10:00+09:00,0.7791372305905317
2026-08-23,confirmation,88,2026-08-24T01:50:00+09:00,0.7791372305905317
2026-08-23,confirmation,89,2026-08-23T23:00:00+09:00,0.7774140818928126
2026-08-23,confirmation,90,2026-08-23T23:30:00+09:00,0.7774140818928126
2026-08-23,confirmation,91,2026-08-24T01:20:00+09:00,0.7759773905172138
2026-08-23,confirmation,92,2026-08-24T01:50:00+09:00,0.7759773905172138
2026-08-23,confirmation,93,2026-08-24T00:30:00+09:00,0.7731283845205683
2026-08-23,confirmation,94,2026-08-24T00:00:00+09:00,0.7731283845205683
2026-08-23,confirmation,95,2026-08-23T22:00:00+09:00,0.7697067966926223
2026-08-23,confirmation,96,2026-08-23T22:30:00+09:00,0.7697067966926223
2026-08-23,confirmation,97,2026-08-24T00:00:00+09:00,0.7678618670861406
2026-08-23,confirmation,98,2026-08-24T00:40:00+09:00,0.7678618670861406
2026-08-23,confirmation,99,2026-08-23T23:00:00+09:00,0.7636515704467532
2026-08-23,confirmation,100,2026-08-23T23:30:00+09:00,0.7636515704467532
2026-08-23,confirmation,101,2026-08-24T00:00:00+09:00,0.7635209687483726
2026-08-23,confirmation,102,2026-08-24T00:50:00+09:00,0.7635209687483726
2026-08-23,confirmation,103,2026-08-24T00:10:00+09:00,0.7619030071138204
2026-08-23,confirmation,104,2026-08-24T00:50:00+09:00,0.7619030071138204
2026-08-23,confirmation,105,2026-08-24T00:30:00+09:00,0.7616107678910877
2026-08-23,confirmation,106,2026-08-24T00:00:00+09:00,0.7616107678910877
2026-08-23,confirmation,107,2026-08-24T01:30:00+09:00,0.7590775206276392
2026-08-23,confirmation,108,2026-08-24T01:00:00+09:00,0.7590775206276392
2026-08-23,confirmation,109,2026-08-24T02:20:00+09:00,0.7590124046682045
2026-08-23,confirmation,110,2026-08-24T02:50:00+09:00,0.7590124046682045
2026-08-23,confirmation,111,2026-08-24T02:30:00+09:00,0.757886595377411
2026-08-23,confirmation,112,2026-08-24T00:20:00+09:00,0.7572486073616506
2026-08-23,confirmation,113,2026-08-24T00:50:00+09:00,0.7572486073616506
2026-08-23,confirmation,114,2026-08-24T00:30:00+09:00,0.7567594483364646
2026-08-23,confirmation,115,2026-08-24T00:00:00+09:00,0.7567594483364646
2026-08-23,confirmation,116,2026-08-24T01:10:00+09:00,0.7559398827422517
2026-08-23,confirmation,117,2026-08-24T01:50:00+09:00,0.7559398827422517
2026-08-23,confirmation,118,2026-08-24T02:20:00+09:00,0.7559341820929616
2026-08-23,confirmation,119,2026-08-24T02:50:00+09:00,0.7559341820929616
2026-08-23,confirmation,120,2026-08-23T23:00:00+09:00,0.7537165968031246
2026-08-23,confirmation,121,2026-08-23T23:30:00+09:00,0.7537165968031246
2026-08-23,confirmation,122,2026-08-23T23:10:00+09:00,0.7536415808017191
2026-08-23,confirmation,123,2026-08-24T01:40:00+09:00,0.7530679792380646
2026-08-23,confirmation,124,2026-08-24T00:50:00+09:00,0.7493499201919444
2026-08-23,confirmation,125,2026-08-24T00:00:00+09:00,0.7493499201919444
2026-08-23,confirmation,126,2026-08-24T02:30:00+09:00,0.7472010663814033
2026-08-23,confirmation,127,2026-08-23T22:40:00+09:00,0.7464047521862385
2026-08-23,confirmation,128,2026-08-23T22:10:00+09:00,0.7464047521862385
2026-08-23,confirmation,129,2026-08-24T02:20:00+09:00,0.7452907077954399
2026-08-23,confirmation,130,2026-08-24T02:50:00+09:00,0.7452907077954399
2026-08-23,confirmation,131,2026-08-24T00:40:00+09:00,0.7437728674179706
2026-08-23,confirmation,132,2026-08-24T00:10:00+09:00,0.7437728674179706
2026-08-23,confirmation,133,2026-08-23T23:40:00+09:00,0.7431361337607209
2026-08-23,confirmation,134,2026-08-23T23:00:00+09:00,0.7431361337607209
2026-08-23,confirmation,135,2026-08-24T00:00:00+09:00,0.741691192046015
2026-08-23,confirmation,136,2026-08-24T00:50:00+09:00,0.741691192046015
2026-08-23,confirmation,137,2026-08-24T00:20:00+09:00,0.7413842324157013
2026-08-23,confirmation,138,2026-08-24T00:50:00+09:00,0.7413842324157013
2026-08-23,confirmation,139,2026-08-24T02:40:00+09:00,0.739470829579639
2026-08-23,confirmation,140,2026-08-24T02:10:00+09:00,0.739470829579639
2026-08-23,confirmation,141,2026-08-24T01:40:00+09:00,0.7392397911747146
2026-08-23,confirmation,142,2026-08-24T01:10:00+09:00,0.7392397911747146
2026-08-23,confirmation,143,2026-08-23T23:20:00+09:00,0.7390800876292674
2026-08-23,confirmation,144,2026-08-24T02:20:00+09:00,0.738926963999948
2026-08-23,confirmation,145,2026-08-24T02:50:00+09:00,0.738926963999948
2026-08-23,confirmation,146,2026-08-24T01:40:00+09:00,0.7368054389649534
2026-08-23,confirmation,147,2026-08-24T01:00:00+09:00,0.7368054389649534
2026-08-23,confirmation,148,2026-08-24T00:10:00+09:00,0.7361252525347468
2026-08-23,confirmation,149,2026-08-24T00:40:00+09:00,0.7361252525347468
2026-08-23,confirmation,150,2026-08-24T00:40:00+09:00,0.7356376625712059
2026-08-23,confirmation,151,2026-08-24T00:10:00+09:00,0.7356376625712059
2026-08-23,confirmation,152,2026-08-24T00:00:00+09:00,0.7336694849688984
2026-08-23,confirmation,153,2026-08-24T00:30:00+09:00,0.7336694849688984
2026-08-23,confirmation,154,2026-08-23T23:30:00+09:00,0.7333636479600816
2026-08-23,confirmation,155,2026-08-23T23:00:00+09:00,0.7333636479600816
2026-08-23,confirmation,156,2026-08-23T22:10:00+09:00,0.7323437177382507
2026-08-23,confirmation,157,2026-08-23T22:40:00+09:00,0.7323437177382507
2026-08-23,confirmation,158,2026-08-23T22:50:00+09:00,0.7295875164669071
2026-08-23,confirmation,159,2026-08-23T22:20:00+09:00,0.7295875164669071
2026-08-23,confirmation,160,2026-08-23T23:00:00+09:00,0.7286064196101452
2026-08-23,confirmation,161,2026-08-23T23:30:00+09:00,0.7286064196101452
2026-08-23,confirmation,162,2026-08-23T22:30:00+09:00,0.7277221901993147
2026-08-23,confirmation,163,2026-08-23T22:00:00+09:00,0.7277221901993147
2026-08-23,confirmation,164,2026-08-24T01:40:00+09:00,0.7231389855165006
2026-08-23,confirmation,165,2026-08-24T01:20:00+09:00,0.7219900650433463
2026-08-23,confirmation,166,2026-08-24T01:50:00+09:00,0.7219900650433463
2026-08-23,confirmation,167,2026-08-23T22:00:00+09:00,0.7199994249211941
2026-08-23,confirmation,168,2026-08-23T22:40:00+09:00,0.7199994249211941
2026-08-23,confirmation,169,2026-08-23T23:40:00+09:00,0.7199921163262615
2026-08-23,confirmation,170,2026-08-23T23:00:00+09:00,0.7199921163262615
2026-08-23,confirmation,171,2026-08-24T00:20:00+09:00,0.7191415336823694
2026-08-23,confirmation,172,2026-08-24T00:50:00+09:00,0.7191415336823694
2026-08-23,confirmation,173,2026-08-24T01:20:00+09:00,0.7184070468296735
2026-08-23,confirmation,174,2026-08-24T01:50:00+09:00,0.7184070468296735
2026-08-23,confirmation,175,2026-08-24T01:20:00+09:00,0.7171486767934611
2026-08-23,confirmation,176,2026-08-24T01:50:00+09:00,0.7171486767934611
2026-08-23,confirmation,177,2026-08-24T01:10:00+09:00,0.7167350762443929
2026-08-23,confirmation,178,2026-08-24T01:50:00+09:00,0.7167350762443929
2026-08-23,confirmation,179,2026-08-24T01:20:00+09:00,0.7153700904363915
2026-08-23,confirmation,180,2026-08-24T01:50:00+09:00,0.7153700904363915
2026-08-23,confirmation,181,2026-08-23T22:10:00+09:00,0.714461287868472
2026-08-23,confirmation,182,2026-08-23T23:20:00+09:00,0.7130577369236649
2026-08-23,confirmation,183,2026-08-23T23:20:00+09:00,0.7126977942109801
2026-08-23,confirmation,184,2026-08-23T21:40:00+09:00,0.7110769658816265
2026-08-23,confirmation,185,2026-08-23T21:00:00+09:00,0.7110769658816265
2026-08-23,confirmation,186,2026-08-24T01:20:00+09:00,0.7105132459089538
2026-08-23,confirmation,187,2026-08-24T01:50:00+09:00,0.7105132459089538
2026-08-23,confirmation,188,2026-08-24T02:30:00+09:00,0.7088519221702445
2026-08-23,confirmation,189,2026-08-24T00:00:00+09:00,0.708430875936523
2026-08-23,confirmation,190,2026-08-24T00:50:00+09:00,0.708430875936523
2026-08-23,confirmation,191,2026-08-23T23:20:00+09:00,0.7063863491029578
2026-08-23,confirmation,192,2026-08-24T01:30:00+09:00,0.7056036053809935
2026-08-23,confirmation,193,2026-08-23T23:40:00+09:00,0.7042339388414774
2026-08-23,confirmation,194,2026-08-23T23:10:00+09:00,0.7042339388414774
2026-08-23,confirmation,195,2026-08-24T00:50:00+09:00,0.7038386940830728
2026-08-23,confirmation,196,2026-08-24T00:20:00+09:00,0.7038386940830728
2026-08-23,confirmation,197,2026-08-24T00:40:00+09:00,0.7020696750101929
2026-08-23,confirmation,198,2026-08-24T00:00:00+09:00,0.7020696750101929
2026-08-23,confirmation,199,2026-08-23T23:30:00+09:00,0.7015785238115322
2026-08-23,confirmation,200,2026-08-23T23:00:00+09:00,0.7015785238115322
2026-08-24,confirmation,1,2026-08-25T00:30:00+09:00,0.9722752407930836
2026-08-24,confirmation,2,2026-08-25T00:00:00+09:00,0.9722752407930836
2026-08-24,confirmation,3,2026-08-25T00:50:00+09:00,0.9366616736632215
2026-08-24,confirmation,4,2026-08-25T00:10:00+09:00,0.9366616736632215
2026-08-24,confirmation,5,2026-08-25T01:00:00+09:00,0.9279634391564134
2026-08-24,confirmation,6,2026-08-25T01:40:00+09:00,0.9279634391564134
2026-08-24,confirmation,7,2026-08-24T23:00:00+09:00,0.8937816052594811
2026-08-24,confirmation,8,2026-08-24T23:30:00+09:00,0.8937816052594811
2026-08-24,confirmation,9,2026-08-25T00:30:00+09:00,0.8857936912382479
2026-08-24,confirmation,10,2026-08-25T00:00:00+09:00,0.8857936912382479
2026-08-24,confirmation,11,2026-08-25T01:50:00+09:00,0.8850346703602855
2026-08-24,confirmation,12,2026-08-25T01:20:00+09:00,0.8850346703602855
2026-08-24,confirmation,13,2026-08-24T23:20:00+09:00,0.8712740270461501
2026-08-24,confirmation,14,2026-08-25T00:40:00+09:00,0.8686716984538295
2026-08-24,confirmation,15,2026-08-25T00:00:00+09:00,0.8686716984538295
2026-08-24,confirmation,16,2026-08-25T01:00:00+09:00,0.8663602028983549
2026-08-24,confirmation,17,2026-08-25T01:30:00+09:00,0.8663602028983549
2026-08-24,confirmation,18,2026-08-25T01:30:00+09:00,0.8641635497167653
2026-08-24,confirmation,19,2026-08-25T01:00:00+09:00,0.8641635497167653
2026-08-24,confirmation,20,2026-08-25T00:00:00+09:00,0.8560282941545001
2026-08-24,confirmation,21,2026-08-25T00:50:00+09:00,0.8560282941545001
2026-08-24,confirmation,22,2026-08-25T02:50:00+09:00,0.8536469288436415
2026-08-24,confirmation,23,2026-08-25T02:20:00+09:00,0.8536469288436415
2026-08-24,confirmation,24,2026-08-25T02:40:00+09:00,0.8514825101227385
2026-08-24,confirmation,25,2026-08-25T02:10:00+09:00,0.8514825101227385
2026-08-24,confirmation,26,2026-08-25T00:50:00+09:00,0.8405343354191482
2026-08-24,confirmation,27,2026-08-25T00:10:00+09:00,0.8405343354191482
2026-08-24,confirmation,28,2026-08-25T00:40:00+09:00,0.8394276854536328
2026-08-24,confirmation,29,2026-08-25T00:10:00+09:00,0.8394276854536328
2026-08-24,confirmation,30,2026-08-25T00:50:00+09:00,0.8387774058694485
2026-08-24,confirmation,31,2026-08-25T00:10:00+09:00,0.8387774058694485
2026-08-24,confirmation,32,2026-08-25T00:20:00+09:00,0.8350840331990074
2026-08-24,confirmation,33,2026-08-25T00:50:00+09:00,0.8350840331990074
2026-08-24,confirmation,34,2026-08-25T01:50:00+09:00,0.8323037295080131
2026-08-24,confirmation,35,2026-08-25T01:10:00+09:00,0.8323037295080131
2026-08-24,confirmation,36,2026-08-25T00:10:00+09:00,0.8313145767872004
2026-08-24,confirmation,37,2026-08-25T00:50:00+09:00,0.8313145767872004
2026-08-24,confirmation,38,2026-08-24T23:20:00+09:00,0.8305438617699717
2026-08-24,confirmation,39,2026-08-25T01:50:00+09:00,0.8300827230380091
2026-08-24,confirmation,40,2026-08-25T01:10:00+09:00,0.8300827230380091
2026-08-24,confirmation,41,2026-08-25T00:40:00+09:00,0.8294692871509265
2026-08-24,confirmation,42,2026-08-25T00:10:00+09:00,0.8294692871509265
2026-08-24,confirmation,43,2026-08-25T01:20:00+09:00,0.8293033521486132
2026-08-24,confirmation,44,2026-08-25T01:50:00+09:00,0.8293033521486132
2026-08-24,confirmation,45,2026-08-24T23:10:00+09:00,0.8220218991194647
2026-08-24,confirmation,46,2026-08-25T00:10:00+09:00,0.819811428810267
2026-08-24,confirmation,47,2026-08-25T00:50:00+09:00,0.819811428810267
2026-08-24,confirmation,48,2026-08-24T23:30:00+09:00,0.8178702672263807
2026-08-24,confirmation,49,2026-08-24T23:00:00+09:00,0.8178702672263807
2026-08-24,confirmation,50,2026-08-24T23:50:00+09:00,0.8146239998906629
2026-08-24,confirmation,51,2026-08-24T23:20:00+09:00,0.8146239998906629
2026-08-24,confirmation,52,2026-08-24T22:30:00+09:00,0.8065590130431656
2026-08-24,confirmation,53,2026-08-24T22:00:00+09:00,0.8065590130431656
2026-08-24,confirmation,54,2026-08-24T22:10:00+09:00,0.8033576420149092
2026-08-24,confirmation,55,2026-08-24T22:50:00+09:00,0.8033576420149092
2026-08-24,confirmation,56,2026-08-25T01:30:00+09:00,0.8001730143998798
2026-08-24,confirmation,57,2026-08-25T01:30:00+09:00,0.7982368982313067
2026-08-24,confirmation,58,2026-08-24T23:00:00+09:00,0.7974991537795812
2026-08-24,confirmation,59,2026-08-24T23:30:00+09:00,0.7974991537795812
2026-08-24,confirmation,60,2026-08-25T00:50:00+09:00,0.7968980068519195
2026-08-24,confirmation,61,2026-08-25T00:20:00+09:00,0.7968980068519195
2026-08-24,confirmation,62,2026-08-25T01:10:00+09:00,0.7962304045915741
2026-08-24,confirmation,63,2026-08-25T01:50:00+09:00,0.7962304045915741
2026-08-24,confirmation,64,2026-08-25T01:10:00+09:00,0.7929905567729614
2026-08-24,confirmation,65,2026-08-25T01:50:00+09:00,0.7929905567729614
2026-08-24,confirmation,66,2026-08-25T00:00:00+09:00,0.7916563992886247
2026-08-24,confirmation,67,2026-08-25T00:30:00+09:00,0.7916563992886247
2026-08-24,confirmation,68,2026-08-25T01:30:00+09:00,0.7898103486274155
2026-08-24,confirmation,69,2026-08-25T02:50:00+09:00,0.7875339778451756
2026-08-24,confirmation,70,2026-08-25T02:20:00+09:00,0.7875339778451756
2026-08-24,confirmation,71,2026-08-25T01:50:00+09:00,0.7866661956777548
2026-08-24,confirmation,72,2026-08-25T01:20:00+09:00,0.7866661956777548
2026-08-24,confirmation,73,2026-08-24T23:00:00+09:00,0.7859519083590376
2026-08-24,confirmation,74,2026-08-24T23:50:00+09:00,0.7859519083590376
2026-08-24,confirmation,75,2026-08-24T23:00:00+09:00,0.7856033460953633
2026-08-24,confirmation,76,2026-08-24T23:30:00+09:00,0.7856033460953633
2026-08-24,confirmation,77,2026-08-25T02:30:00+09:00,0.7845462398406966
2026-08-24,confirmation,78,2026-08-24T23:40:00+09:00,0.7840920035033899
2026-08-24,confirmation,79,2026-08-24T23:10:00+09:00,0.7840920035033899
2026-08-24,confirmation,80,2026-08-25T01:30:00+09:00,0.7820635324963726
2026-08-24,confirmation,81,2026-08-25T02:40:00+09:00,0.7813539346874507
2026-08-24,confirmation,82,2026-08-25T01:30:00+09:00,0.7811469776352857
2026-08-24,confirmation,83,2026-08-25T00:40:00+09:00,0.7771654592299075
2026-08-24,confirmation,84,2026-08-25T00:10:00+09:00,0.7771654592299075
2026-08-24,confirmation,85,2026-08-24T23:30:00+09:00,0.7754913566137698
2026-08-24,confirmation,86,2026-08-24T23:00:00+09:00,0.7754913566137698
2026-08-24,confirmation,87,2026-08-25T00:50:00+09:00,0.7732684764811882
2026-08-24,confirmation,88,2026-08-25T00:20:00+09:00,0.7732684764811882
2026-08-24,confirmation,89,2026-08-25T01:10:00+09:00,0.772747201071153
2026-08-24,confirmation,90,2026-08-25T01:40:00+09:00,0.772747201071153
2026-08-24,confirmation,91,2026-08-25T00:10:00+09:00,0.7707439877751515
2026-08-24,confirmation,92,2026-08-25T00:50:00+09:00,0.7707439877751515
2026-08-24,confirmation,93,2026-08-25T00:50:00+09:00,0.7703280405205106
2026-08-24,confirmation,94,2026-08-25T00:10:00+09:00,0.7703280405205106
2026-08-24,confirmation,95,2026-08-24T23:30:00+09:00,0.7685542337202212
2026-08-24,confirmation,96,2026-08-24T23:00:00+09:00,0.7685542337202212
2026-08-24,confirmation,97,2026-08-25T01:40:00+09:00,0.7682082108568444
2026-08-24,confirmation,98,2026-08-25T00:10:00+09:00,0.7680702103688622
2026-08-24,confirmation,99,2026-08-25T00:50:00+09:00,0.7680702103688622
2026-08-24,confirmation,100,2026-08-24T23:20:00+09:00,0.7671898723527781
2026-08-24,confirmation,101,2026-08-25T01:40:00+09:00,0.7624247912644649
2026-08-24,confirmation,102,2026-08-25T02:20:00+09:00,0.7614076371006887
2026-08-24,confirmation,103,2026-08-25T02:50:00+09:00,0.7614076371006887
2026-08-24,confirmation,104,2026-08-25T00:00:00+09:00,0.7595784183115423
2026-08-24,confirmation,105,2026-08-25T00:40:00+09:00,0.7595784183115423
2026-08-24,confirmation,106,2026-08-25T00:50:00+09:00,0.7565635213198187
2026-08-24,confirmation,107,2026-08-25T00:20:00+09:00,0.7565635213198187
2026-08-24,confirmation,108,2026-08-25T00:50:00+09:00,0.756333518881113
2026-08-24,confirmation,109,2026-08-25T00:10:00+09:00,0.756333518881113
2026-08-24,confirmation,110,2026-08-24T23:10:00+09:00,0.754140249329351
2026-08-24,confirmation,111,2026-08-24T23:40:00+09:00,0.754140249329351
2026-08-24,confirmation,112,2026-08-25T01:30:00+09:00,0.7532138175510503
2026-08-24,confirmation,113,2026-08-25T00:40:00+09:00,0.7501315216961298
2026-08-24,confirmation,114,2026-08-25T00:10:00+09:00,0.7501315216961298
2026-08-24,confirmation,115,2026-08-25T01:00:00+09:00,0.7472002838315577
2026-08-24,confirmation,116,2026-08-25T01:30:00+09:00,0.7472002838315577
2026-08-24,confirmation,117,2026-08-25T02:50:00+09:00,0.7450297497271152
2026-08-24,confirmation,118,2026-08-25T02:20:00+09:00,0.7450297497271152
2026-08-24,confirmation,119,2026-08-24T23:20:00+09:00,0.7434723597173686
2026-08-24,confirmation,120,2026-08-24T23:20:00+09:00,0.7433386294832522
2026-08-24,confirmation,121,2026-08-24T23:50:00+09:00,0.7433386294832522
2026-08-24,confirmation,122,2026-08-25T00:30:00+09:00,0.7408691573765862
2026-08-24,confirmation,123,2026-08-25T00:00:00+09:00,0.7408691573765862
2026-08-24,confirmation,124,2026-08-25T00:20:00+09:00,0.7402708431914585
2026-08-24,confirmation,125,2026-08-25T00:50:00+09:00,0.7402708431914585
2026-08-24,confirmation,126,2026-08-25T00:30:00+09:00,0.7389906862900238
2026-08-24,confirmation,127,2026-08-25T00:00:00+09:00,0.7389906862900238
2026-08-24,confirmation,128,2026-08-25T01:10:00+09:00,0.736469564052799
2026-08-24,confirmation,129,2026-08-25T01:50:00+09:00,0.736469564052799
2026-08-24,confirmation,130,2026-08-25T01:30:00+09:00,0.7352708069065678
2026-08-24,confirmation,131,2026-08-25T01:20:00+09:00,0.735071159121106
2026-08-24,confirmation,132,2026-08-25T01:50:00+09:00,0.735071159121106
2026-08-24,confirmation,133,2026-08-25T01:20:00+09:00,0.7348740034563933
2026-08-24,confirmation,134,2026-08-25T01:50:00+09:00,0.7348740034563933
2026-08-24,confirmation,135,2026-08-25T01:40:00+09:00,0.7339502516798623
2026-08-24,confirmation,136,2026-08-24T23:40:00+09:00,0.7328138237036075
2026-08-24,confirmation,137,2026-08-24T23:00:00+09:00,0.7328138237036075
2026-08-24,confirmation,138,2026-08-24T23:10:00+09:00,0.7324183462130697
2026-08-24,confirmation,139,2026-08-24T23:40:00+09:00,0.7324183462130697
2026-08-24,confirmation,140,2026-08-25T01:20:00+09:00,0.7302351739011006
2026-08-24,confirmation,141,2026-08-25T01:50:00+09:00,0.7302351739011006
2026-08-24,confirmation,142,2026-08-24T23:40:00+09:00,0.7286911254027342
2026-08-24,confirmation,143,2026-08-24T23:00:00+09:00,0.7286911254027342
2026-08-24,confirmation,144,2026-08-24T23:40:00+09:00,0.7268229575204201
2026-08-24,confirmation,145,2026-08-24T23:10:00+09:00,0.7268229575204201
2026-08-24,confirmation,146,2026-08-25T00:00:00+09:00,0.7240140065672293
2026-08-24,confirmation,147,2026-08-25T00:30:00+09:00,0.7240140065672293
2026-08-24,confirmation,148,2026-08-25T02:20:00+09:00,0.7235308602626316
2026-08-24,confirmation,149,2026-08-25T02:50:00+09:00,0.7235308602626316
2026-08-24,confirmation,150,2026-08-25T01:20:00+09:00,0.7210420232528841
2026-08-24,confirmation,151,2026-08-25T01:50:00+09:00,0.7210420232528841
2026-08-24,confirmation,152,2026-08-24T23:00:00+09:00,0.7169934198808815
2026-08-24,confirmation,153,2026-08-24T23:40:00+09:00,0.7169934198808815
2026-08-24,confirmation,154,2026-08-24T23:30:00+09:00,0.7143929795595717
2026-08-24,confirmation,155,2026-08-24T23:00:00+09:00,0.7143929795595717
2026-08-24,confirmation,156,2026-08-24T22:20:00+09:00,0.7137192439832678
2026-08-24,confirmation,157,2026-08-25T00:10:00+09:00,0.7070184456907275
2026-08-24,confirmation,158,2026-08-25T00:40:00+09:00,0.7070184456907275
2026-08-24,confirmation,159,2026-08-25T03:40:00+09:00,0.7062471917353722
2026-08-24,confirmation,160,2026-08-24T21:00:00+09:00,0.7054212432282109
2026-08-24,confirmation,161,2026-08-24T21:30:00+09:00,0.7054212432282109
2026-08-24,confirmation,162,2026-08-24T22:40:00+09:00,0.7051514125494928
2026-08-24,confirmation,163,2026-08-24T22:10:00+09:00,0.7051514125494928
2026-08-24,confirmation,164,2026-08-25T02:30:00+09:00,0.7045711275208556
2026-08-24,confirmation,165,2026-08-25T03:50:00+09:00,0.7044565045182953
2026-08-24,confirmation,166,2026-08-25T03:10:00+09:00,0.7044565045182953
2026-08-24,confirmation,167,2026-08-25T01:20:00+09:00,0.7043263529070342
2026-08-24,confirmation,168,2026-08-25T01:50:00+09:00,0.7043263529070342
2026-08-24,confirmation,169,2026-08-25T01:10:00+09:00,0.702982663851221
2026-08-24,confirmation,170,2026-08-25T01:40:00+09:00,0.702982663851221
2026-08-24,confirmation,171,2026-08-24T21:30:00+09:00,0.702621305351047
2026-08-24,confirmation,172,2026-08-24T21:00:00+09:00,0.702621305351047
2026-08-24,confirmation,173,2026-08-25T00:30:00+09:00,0.7020907582354168
2026-08-24,confirmation,174,2026-08-25T00:00:00+09:00,0.7020907582354168
2026-08-24,confirmation,175,2026-08-25T01:00:00+09:00,0.7020665520164223
2026-08-24,confirmation,176,2026-08-25T01:30:00+09:00,0.7020665520164223
2026-08-24,confirmation,177,2026-08-24T23:30:00+09:00,0.7020328774808292
2026-08-24,confirmation,178,2026-08-24T23:00:00+09:00,0.7020328774808292
2026-08-24,confirmation,179,2026-08-25T01:40:00+09:00,0.6994665758286455
2026-08-24,confirmation,180,2026-08-25T01:00:00+09:00,0.6994665758286455
2026-08-24,confirmation,181,2026-08-25T02:50:00+09:00,0.6990618818592884
2026-08-24,confirmation,182,2026-08-25T02:10:00+09:00,0.6990618818592884
2026-08-24,confirmation,183,2026-08-25T02:30:00+09:00,0.6982549616297984
2026-08-24,confirmation,184,2026-08-25T01:30:00+09:00,0.698076523227569
2026-08-24,confirmation,185,2026-08-25T01:00:00+09:00,0.698076523227569
2026-08-24,confirmation,186,2026-08-25T00:10:00+09:00,0.695385753143266
2026-08-24,confirmation,187,2026-08-25T00:50:00+09:00,0.695385753143266
2026-08-24,confirmation,188,2026-08-25T01:20:00+09:00,0.6940447268193946
2026-08-24,confirmation,189,2026-08-25T01:50:00+09:00,0.6940447268193946
2026-08-24,confirmation,190,2026-08-24T22:00:00+09:00,0.6934437327413632
2026-08-24,confirmation,191,2026-08-24T22:30:00+09:00,0.6934437327413632
2026-08-24,confirmation,192,2026-08-25T00:20:00+09:00,0.6921431669339044
2026-08-24,confirmation,193,2026-08-25T00:50:00+09:00,0.6921431669339044
2026-08-24,confirmation,194,2026-08-25T01:40:00+09:00,0.6909850314529689
2026-08-24,confirmation,195,2026-08-25T01:10:00+09:00,0.6909850314529689
2026-08-24,confirmation,196,2026-08-25T01:40:00+09:00,0.6906915542176693
2026-08-24,confirmation,197,2026-08-25T01:00:00+09:00,0.6906915542176693
2026-08-24,confirmation,198,2026-08-25T00:30:00+09:00,0.690294293486877
2026-08-24,confirmation,199,2026-08-25T00:00:00+09:00,0.690294293486877
2026-08-24,confirmation,200,2026-08-25T01:20:00+09:00,0.6888586551744089
2026-08-27,confirmation,1,2026-08-28T00:00:00+09:00,0.9525627341823761
2026-08-27,confirmation,2,2026-08-28T00:30:00+09:00,0.9525627341823761
2026-08-27,confirmation,3,2026-08-28T01:40:00+09:00,0.9099898474491502
2026-08-27,confirmation,4,2026-08-28T01:10:00+09:00,0.9099898474491502
2026-08-27,confirmation,5,2026-08-28T00:10:00+09:00,0.898889694130627
2026-08-27,confirmation,6,2026-08-28T00:40:00+09:00,0.898889694130627
2026-08-27,confirmation,7,2026-08-28T01:10:00+09:00,0.8757018083931533
2026-08-27,confirmation,8,2026-08-28T01:40:00+09:00,0.8757018083931533
2026-08-27,confirmation,9,2026-08-28T01:20:00+09:00,0.8736444818743317
2026-08-27,confirmation,10,2026-08-28T01:50:00+09:00,0.8736444818743317
2026-08-27,confirmation,11,2026-08-27T23:20:00+09:00,0.8710180002399684
2026-08-27,confirmation,12,2026-08-28T02:10:00+09:00,0.8580363873614889
2026-08-27,confirmation,13,2026-08-28T02:50:00+09:00,0.8580363873614889
2026-08-27,confirmation,14,2026-08-28T02:50:00+09:00,0.8560205630284642
2026-08-27,confirmation,15,2026-08-28T02:20:00+09:00,0.8560205630284642
2026-08-27,confirmation,16,2026-08-28T01:40:00+09:00,0.8505032793791374
2026-08-27,confirmation,17,2026-08-28T01:10:00+09:00,0.8505032793791374
2026-08-27,confirmation,18,2026-08-27T23:00:00+09:00,0.8335677711269479
2026-08-27,confirmation,19,2026-08-27T23:30:00+09:00,0.8335677711269479
2026-08-27,confirmation,20,2026-08-28T00:10:00+09:00,0.8326731819285723
2026-08-27,confirmation,21,2026-08-28T00:50:00+09:00,0.8326731819285723
2026-08-27,confirmation,22,2026-08-27T23:40:00+09:00,0.8314428784284589
2026-08-27,confirmation,23,2026-08-27T23:00:00+09:00,0.8314428784284589
2026-08-27,confirmation,24,2026-08-27T23:20:00+09:00,0.830376736818048
2026-08-27,confirmation,25,2026-08-27T23:50:00+09:00,0.830376736818048
2026-08-27,confirmation,26,2026-08-28T00:50:00+09:00,0.8280614362015719
2026-08-27,confirmation,27,2026-08-28T00:00:00+09:00,0.8280614362015719
2026-08-27,confirmation,28,2026-08-28T00:10:00+09:00,0.8271113366395079
2026-08-27,confirmation,29,2026-08-28T00:40:00+09:00,0.8271113366395079
2026-08-27,confirmation,30,2026-08-27T22:20:00+09:00,0.8206746454899722
2026-08-27,confirmation,31,2026-08-27T22:40:00+09:00,0.8175329681832041
2026-08-27,confirmation,32,2026-08-27T22:10:00+09:00,0.8175329681832041
2026-08-27,confirmation,33,2026-08-28T01:20:00+09:00,0.8083362062945966
2026-08-27,confirmation,34,2026-08-28T01:50:00+09:00,0.8083362062945966
2026-08-27,confirmation,35,2026-08-28T01:50:00+09:00,0.8052797701491515
2026-08-27,confirmation,36,2026-08-28T01:20:00+09:00,0.8052797701491515
2026-08-27,confirmation,37,2026-08-28T01:30:00+09:00,0.796543197599199
2026-08-27,confirmation,38,2026-08-28T01:20:00+09:00,0.7930316378516669
2026-08-27,confirmation,39,2026-08-28T01:50:00+09:00,0.7930316378516669
2026-08-27,confirmation,40,2026-08-28T02:30:00+09:00,0.7920297429728702
2026-08-27,confirmation,41,2026-08-28T00:20:00+09:00,0.7920271984372669
2026-08-27,confirmation,42,2026-08-28T00:50:00+09:00,0.7920271984372669
2026-08-27,confirmation,43,2026-08-28T00:50:00+09:00,0.7916855521629255
2026-08-27,confirmation,44,2026-08-28T00:00:00+09:00,0.7916855521629255
2026-08-27,confirmation,45,2026-08-28T00:20:00+09:00,0.7906233805693598
2026-08-27,confirmation,46,2026-08-28T00:50:00+09:00,0.7906233805693598
2026-08-27,confirmation,47,2026-08-28T01:10:00+09:00,0.7899965755055187
2026-08-27,confirmation,48,2026-08-28T01:50:00+09:00,0.7899965755055187
2026-08-27,confirmation,49,2026-08-28T02:40:00+09:00,0.7890349639244509
2026-08-27,confirmation,50,2026-08-28T01:10:00+09:00,0.7845708376081271
2026-08-27,confirmation,51,2026-08-28T01:40:00+09:00,0.7845708376081271
2026-08-27,confirmation,52,2026-08-28T00:10:00+09:00,0.782178104910247
2026-08-27,confirmation,53,2026-08-28T00:40:00+09:00,0.782178104910247
2026-08-27,confirmation,54,2026-08-27T23:30:00+09:00,0.7815869848182271
2026-08-27,confirmation,55,2026-08-27T23:00:00+09:00,0.7815869848182271
2026-08-27,confirmation,56,2026-08-27T23:10:00+09:00,0.7797132071595776
2026-08-27,confirmation,57,2026-08-27T23:40:00+09:00,0.7797132071595776
2026-08-27,confirmation,58,2026-08-28T00:30:00+09:00,0.7793264682523806
2026-08-27,confirmation,59,2026-08-28T00:00:00+09:00,0.7793264682523806
2026-08-27,confirmation,60,2026-08-28T00:30:00+09:00,0.775350267912446
2026-08-27,confirmation,61,2026-08-28T00:00:00+09:00,0.775350267912446
2026-08-27,confirmation,62,2026-08-28T00:20:00+09:00,0.7723820997658077
2026-08-27,confirmation,63,2026-08-28T00:50:00+09:00,0.7723820997658077
2026-08-27,confirmation,64,2026-08-28T00:50:00+09:00,0.7708874519872164
2026-08-27,confirmation,65,2026-08-28T00:20:00+09:00,0.7708874519872164
2026-08-27,confirmation,66,2026-08-28T02:50:00+09:00,0.7688476287524566
2026-08-27,confirmation,67,2026-08-28T02:10:00+09:00,0.7688476287524566
2026-08-27,confirmation,68,2026-08-28T02:30:00+09:00,0.7687437900416217
2026-08-27,confirmation,69,2026-08-28T01:20:00+09:00,0.7671770957546324
2026-08-27,confirmation,70,2026-08-28T01:50:00+09:00,0.7671770957546324
2026-08-27,confirmation,71,2026-08-28T01:10:00+09:00,0.7670894335361068
2026-08-27,confirmation,72,2026-08-28T01:40:00+09:00,0.7670894335361068
2026-08-27,confirmation,73,2026-08-27T23:00:00+09:00,0.7667775864644726
2026-08-27,confirmation,74,2026-08-27T23:30:00+09:00,0.7667775864644726
2026-08-27,confirmation,75,2026-08-28T00:50:00+09:00,0.7596626056144832
2026-08-27,confirmation,76,2026-08-28T00:20:00+09:00,0.7596626056144832
2026-08-27,confirmation,77,2026-08-28T00:40:00+09:00,0.7584783125120841
2026-08-27,confirmation,78,2026-08-28T00:00:00+09:00,0.7584783125120841
2026-08-27,confirmation,79,2026-08-28T00:10:00+09:00,0.7566963845414826
2026-08-27,confirmation,80,2026-08-28T00:40:00+09:00,0.7566963845414826
2026-08-27,confirmation,81,2026-08-28T00:10:00+09:00,0.7561176417262612
2026-08-27,confirmation,82,2026-08-28T00:50:00+09:00,0.7561176417262612
2026-08-27,confirmation,83,2026-08-28T01:20:00+09:00,0.7557150885191746
2026-08-27,confirmation,84,2026-08-28T01:50:00+09:00,0.7557150885191746
2026-08-27,confirmation,85,2026-08-28T01:00:00+09:00,0.7443559456234675
2026-08-27,confirmation,86,2026-08-28T01:40:00+09:00,0.7443559456234675
2026-08-27,confirmation,87,2026-08-28T01:30:00+09:00,0.7441597910354142
2026-08-27,confirmation,88,2026-08-27T23:00:00+09:00,0.744040691513574
2026-08-27,confirmation,89,2026-08-27T23:30:00+09:00,0.744040691513574
2026-08-27,confirmation,90,2026-08-28T01:30:00+09:00,0.7435646361729221
2026-08-27,confirmation,91,2026-08-28T00:50:00+09:00,0.7426381993756345
2026-08-27,confirmation,92,2026-08-28T00:00:00+09:00,0.7426381993756345
2026-08-27,confirmation,93,2026-08-28T01:20:00+09:00,0.7407192610452281
2026-08-27,confirmation,94,2026-08-28T01:50:00+09:00,0.7407192610452281
2026-08-27,confirmation,95,2026-08-28T00:10:00+09:00,0.7385323598877459
2026-08-27,confirmation,96,2026-08-28T00:50:00+09:00,0.7385323598877459
2026-08-27,confirmation,97,2026-08-27T23:30:00+09:00,0.7368307125840741
2026-08-27,confirmation,98,2026-08-27T23:00:00+09:00,0.7368307125840741
2026-08-27,confirmation,99,2026-08-27T23:30:00+09:00,0.7366529951561421
2026-08-27,confirmation,100,2026-08-27T23:00:00+09:00,0.7366529951561421
2026-08-27,confirmation,101,2026-08-28T01:50:00+09:00,0.7362956112346273
2026-08-27,confirmation,102,2026-08-28T01:20:00+09:00,0.7362956112346273
2026-08-27,confirmation,103,2026-08-27T23:00:00+09:00,0.7346666803700842
2026-08-27,confirmation,104,2026-08-27T23:30:00+09:00,0.7346666803700842
2026-08-27,confirmation,105,2026-08-27T23:40:00+09:00,0.7305264478438532
2026-08-27,confirmation,106,2026-08-27T23:10:00+09:00,0.7305264478438532
2026-08-27,confirmation,107,2026-08-28T01:40:00+09:00,0.728054088422165
2026-08-27,confirmation,108,2026-08-27T23:30:00+09:00,0.7267112671797425
2026-08-27,confirmation,109,2026-08-27T23:00:00+09:00,0.7267112671797425
2026-08-27,confirmation,110,2026-08-28T01:50:00+09:00,0.7239027796838422
2026-08-27,confirmation,111,2026-08-28T01:20:00+09:00,0.7239027796838422
2026-08-27,confirmation,112,2026-08-28T01:10:00+09:00,0.7220259283332802
2026-08-27,confirmation,113,2026-08-28T01:50:00+09:00,0.7220259283332802
2026-08-27,confirmation,114,2026-08-28T00:10:00+09:00,0.7218675537465614
2026-08-27,confirmation,115,2026-08-28T00:40:00+09:00,0.7218675537465614
2026-08-27,confirmation,116,2026-08-28T01:00:00+09:00,0.7189501338457618
2026-08-27,confirmation,117,2026-08-28T01:30:00+09:00,0.7189501338457618
2026-08-27,confirmation,118,2026-08-27T21:20:00+09:00,0.7169056482299524
2026-08-27,confirmation,119,2026-08-27T21:50:00+09:00,0.7169056482299524
2026-08-27,confirmation,120,2026-08-28T01:30:00+09:00,0.7167815107530197
2026-08-27,confirmation,121,2026-08-28T01:00:00+09:00,0.7167815107530197
2026-08-27,confirmation,122,2026-08-28T01:20:00+09:00,0.7147643169305856
2026-08-27,confirmation,123,2026-08-28T01:50:00+09:00,0.7147643169305856
2026-08-27,confirmation,124,2026-08-27T21:40:00+09:00,0.7141612156847101
2026-08-27,confirmation,125,2026-08-27T21:00:00+09:00,0.7141612156847101
2026-08-27,confirmation,126,2026-08-28T02:10:00+09:00,0.7130902678888197
2026-08-27,confirmation,127,2026-08-28T02:40:00+09:00,0.7130902678888197
2026-08-27,confirmation,128,2026-08-28T01:40:00+09:00,0.7130288592132594
2026-08-27,confirmation,129,2026-08-28T01:00:00+09:00,0.7130288592132594
2026-08-27,confirmation,130,2026-08-28T01:20:00+09:00,0.712789356409002
2026-08-27,confirmation,131,2026-08-28T01:50:00+09:00,0.712789356409002
2026-08-27,confirmation,132,2026-08-27T23:20:00+09:00,0.7103093630499294
2026-08-27,confirmation,133,2026-08-27T23:50:00+09:00,0.7103093630499294
2026-08-27,confirmation,134,2026-08-28T01:20:00+09:00,0.7092712247022757
2026-08-27,confirmation,135,2026-08-28T01:50:00+09:00,0.7092712247022757
2026-08-27,confirmation,136,2026-08-28T03:40:00+09:00,0.7080692613409126
2026-08-27,confirmation,137,2026-08-28T01:10:00+09:00,0.7065204874047655
2026-08-27,confirmation,138,2026-08-28T01:50:00+09:00,0.7065204874047655
2026-08-27,confirmation,139,2026-08-28T00:50:00+09:00,0.7064667738412328
2026-08-27,confirmation,140,2026-08-28T00:10:00+09:00,0.7064667738412328
2026-08-27,confirmation,141,2026-08-28T03:40:00+09:00,0.706405761671782
2026-08-27,confirmation,142,2026-08-28T00:30:00+09:00,0.7058639215821781
2026-08-27,confirmation,143,2026-08-28T00:00:00+09:00,0.7058639215821781
2026-08-27,confirmation,144,2026-08-28T01:20:00+09:00,0.7053923811294791
2026-08-27,confirmation,145,2026-08-28T01:50:00+09:00,0.7053923811294791
2026-08-27,confirmation,146,2026-08-28T01:00:00+09:00,0.7044395381915792
2026-08-27,confirmation,147,2026-08-28T01:30:00+09:00,0.7044395381915792
2026-08-27,confirmation,148,2026-08-28T00:50:00+09:00,0.7043428732397782
2026-08-27,confirmation,149,2026-08-28T00:10:00+09:00,0.7043428732397782
2026-08-27,confirmation,150,2026-08-28T00:20:00+09:00,0.7042623908332873
2026-08-27,confirmation,151,2026-08-28T02:40:00+09:00,0.7042303271432376
2026-08-27,confirmation,152,2026-08-28T02:50:00+09:00,0.7041498575969334
2026-08-27,confirmation,153,2026-08-28T02:10:00+09:00,0.7041498575969334
2026-08-27,confirmation,154,2026-08-28T01:40:00+09:00,0.7030490814941196
2026-08-27,confirmation,155,2026-08-28T01:10:00+09:00,0.7030490814941196
2026-08-27,confirmation,156,2026-08-28T00:40:00+09:00,0.7014771088561911
2026-08-27,confirmation,157,2026-08-28T00:00:00+09:00,0.7014771088561911
2026-08-27,confirmation,158,2026-08-28T00:50:00+09:00,0.7011062639194793
2026-08-27,confirmation,159,2026-08-28T00:20:00+09:00,0.7011062639194793
2026-08-27,confirmation,160,2026-08-28T02:40:00+09:00,0.700833639471336
2026-08-27,confirmation,161,2026-08-28T02:10:00+09:00,0.700833639471336
2026-08-27,confirmation,162,2026-08-28T00:20:00+09:00,0.7001304277511403
2026-08-27,confirmation,163,2026-08-28T00:50:00+09:00,0.7001304277511403
2026-08-27,confirmation,164,2026-08-28T01:20:00+09:00,0.6999120218051186
2026-08-27,confirmation,165,2026-08-28T01:50:00+09:00,0.6999120218051186
2026-08-27,confirmation,166,2026-08-28T01:40:00+09:00,0.6984975778646819
2026-08-27,confirmation,167,2026-08-28T01:00:00+09:00,0.6984975778646819
2026-08-27,confirmation,168,2026-08-28T00:50:00+09:00,0.6974831333094949
2026-08-27,confirmation,169,2026-08-28T00:20:00+09:00,0.6974831333094949
2026-08-27,confirmation,170,2026-08-28T02:00:00+09:00,0.6964821790371263
2026-08-27,confirmation,171,2026-08-28T02:30:00+09:00,0.6964821790371263
2026-08-27,confirmation,172,2026-08-27T23:30:00+09:00,0.6962103037528357
2026-08-27,confirmation,173,2026-08-27T23:00:00+09:00,0.6962103037528357
2026-08-27,confirmation,174,2026-08-28T00:10:00+09:00,0.6958268878263909
2026-08-27,confirmation,175,2026-08-28T00:40:00+09:00,0.6958268878263909
2026-08-27,confirmation,176,2026-08-28T02:20:00+09:00,0.6902289691208819
2026-08-27,confirmation,177,2026-08-28T02:50:00+09:00,0.6902289691208819
2026-08-27,confirmation,178,2026-08-27T22:50:00+09:00,0.6901795095980747
2026-08-27,confirmation,179,2026-08-27T22:20:00+09:00,0.6901795095980747
2026-08-27,confirmation,180,2026-08-28T02:40:00+09:00,0.6894718986064204
2026-08-27,confirmation,181,2026-08-28T02:10:00+09:00,0.6894718986064204
2026-08-27,confirmation,182,2026-08-28T02:20:00+09:00,0.6888665619292603
2026-08-27,confirmation,183,2026-08-28T02:50:00+09:00,0.6888665619292603
2026-08-27,confirmation,184,2026-08-28T02:50:00+09:00,0.68871720198493
2026-08-27,confirmation,185,2026-08-28T02:20:00+09:00,0.68871720198493
2026-08-27,confirmation,186,2026-08-28T01:40:00+09:00,0.6882127167858192
2026-08-27,confirmation,187,2026-08-28T01:10:00+09:00,0.6882127167858192
2026-08-27,confirmation,188,2026-08-28T00:10:00+09:00,0.6877188782165176
2026-08-27,confirmation,189,2026-08-28T00:40:00+09:00,0.6877188782165176
2026-08-27,confirmation,190,2026-08-28T02:50:00+09:00,0.6851726243875119
2026-08-27,confirmation,191,2026-08-28T02:20:00+09:00,0.6851726243875119
2026-08-27,confirmation,192,2026-08-28T02:10:00+09:00,0.6844068752027576
2026-08-27,confirmation,193,2026-08-28T02:40:00+09:00,0.6844068752027576
2026-08-27,confirmation,194,2026-08-27T23:20:00+09:00,0.6839515316635068
2026-08-27,confirmation,195,2026-08-28T01:20:00+09:00,0.6830100798214588
2026-08-27,confirmation,196,2026-08-28T01:50:00+09:00,0.6830100798214588
2026-08-27,confirmation,197,2026-08-28T00:40:00+09:00,0.6824915866297807
2026-08-27,confirmation,198,2026-08-28T00:00:00+09:00,0.6824915866297807
2026-08-27,confirmation,199,2026-08-28T02:50:00+09:00,0.6822752600761811
2026-08-27,confirmation,200,2026-08-28T02:20:00+09:00,0.6822752600761811
