family,params,eligible,nights,median_error_min,mean_error_min,within_30m_hits,within_30m_rate,within_60m_hits,within_60m_rate,within_90m_hits,within_90m_rate,within_120m_hits,within_120m_rate,score
recency120,{},98,29,86.0,117.6734693877551,11,0.11224489795918367,35,0.35714285714285715,50,0.5102040816326531,62,0.6326530612244898,3.0540249433106577
no_decay,{},98,29,97.5,123.93877551020408,13,0.1326530612244898,34,0.3469387755102041,45,0.45918367346938777,59,0.6020408163265306,2.956420068027211
recency_season,"{""tau_days"": 90, ""season_bw"": 30}",98,29,77.0,99.93877551020408,18,0.1836734693877551,38,0.3877551020408163,56,0.5714285714285714,69,0.7040816326530612,3.6379535147392295
recency_season,"{""tau_days"": 90, ""season_bw"": 45}",98,29,79.5,106.14285714285714,16,0.16326530612244897,41,0.41836734693877553,54,0.5510204081632653,65,0.6632653061224489,3.563052721088435
recency_season,"{""tau_days"": 90, ""season_bw"": 60}",98,29,83.5,113.04081632653062,12,0.12244897959183673,38,0.3877551020408163,52,0.5306122448979592,62,0.6326530612244898,3.230966553287982
recency_season,"{""tau_days"": 90, ""season_bw"": 90}",98,29,85.0,115.40816326530613,11,0.11224489795918367,36,0.3673469387755102,51,0.5204081632653061,60,0.6122448979591837,3.0860260770975065
recency_season,"{""tau_days"": 120, ""season_bw"": 30}",98,29,77.0,101.44897959183673,17,0.17346938775510204,38,0.3877551020408163,56,0.5714285714285714,69,0.7040816326530612,3.5971371882086167
recency_season,"{""tau_days"": 120, ""season_bw"": 45}",98,29,83.5,110.38775510204081,13,0.1326530612244898,39,0.3979591836734694,53,0.5408163265306123,62,0.6326530612244898,3.3228032879818596
recency_season,"{""tau_days"": 120, ""season_bw"": 60}",98,29,85.0,114.79591836734694,12,0.12244897959183673,37,0.37755102040816324,51,0.5204081632653061,60,0.6122448979591837,3.1574546485260777
recency_season,"{""tau_days"": 120, ""season_bw"": 90}",98,29,83.5,116.14285714285714,11,0.11224489795918367,36,0.3673469387755102,52,0.5306122448979592,62,0.6326530612244898,3.1289257369614516
recency_season,"{""tau_days"": 180, ""season_bw"": 30}",98,29,77.0,103.48979591836735,17,0.17346938775510204,37,0.37755102040816324,56,0.5714285714285714,67,0.6836734693877551,3.5461167800453515
recency_season,"{""tau_days"": 180, ""season_bw"": 45}",98,29,85.0,113.26530612244898,13,0.1326530612244898,37,0.37755102040816324,51,0.5204081632653061,61,0.6224489795918368,3.208475056689343
recency_season,"{""tau_days"": 180, ""season_bw"": 60}",98,29,85.0,115.40816326530613,12,0.12244897959183673,36,0.3673469387755102,51,0.5204081632653061,60,0.6122448979591837,3.1268424036281184
recency_season,"{""tau_days"": 180, ""season_bw"": 90}",98,29,86.0,117.9795918367347,10,0.10204081632653061,35,0.35714285714285715,50,0.5102040816326531,62,0.6326530612244898,3.0132086167800454
recency_season,"{""tau_days"": 240, ""season_bw"": 30}",98,29,77.0,103.48979591836735,17,0.17346938775510204,37,0.37755102040816324,56,0.5714285714285714,67,0.6836734693877551,3.5461167800453515
recency_season,"{""tau_days"": 240, ""season_bw"": 45}",98,29,85.0,114.79591836734694,12,0.12244897959183673,36,0.3673469387755102,51,0.5204081632653061,61,0.6224489795918368,3.1370464852607713
recency_season,"{""tau_days"": 240, ""season_bw"": 60}",98,29,83.5,116.14285714285714,11,0.11224489795918367,36,0.3673469387755102,52,0.5306122448979592,62,0.6326530612244898,3.1289257369614516
recency_season,"{""tau_days"": 240, ""season_bw"": 90}",98,29,89.0,118.48979591836735,10,0.10204081632653061,35,0.35714285714285715,49,0.5,62,0.6326530612244898,2.988633786848073
recency_season,"{""tau_days"": 365, ""season_bw"": 30}",98,29,77.0,103.18367346938776,17,0.17346938775510204,38,0.3877551020408163,56,0.5714285714285714,67,0.6836734693877551,3.576729024943311
recency_season,"{""tau_days"": 365, ""season_bw"": 45}",98,29,85.0,114.79591836734694,12,0.12244897959183673,36,0.3673469387755102,51,0.5204081632653061,61,0.6224489795918368,3.1370464852607713
recency_season,"{""tau_days"": 365, ""season_bw"": 60}",98,29,83.5,116.14285714285714,11,0.11224489795918367,36,0.3673469387755102,52,0.5306122448979592,62,0.6326530612244898,3.1289257369614516
recency_season,"{""tau_days"": 365, ""season_bw"": 90}",98,29,89.0,119.10204081632654,10,0.10204081632653061,34,0.3469387755102041,49,0.5,61,0.6224489795918368,2.9478174603174603
recency_season_weather,"{""tau_days"": 90, ""season_bw"": 30, ""env_scale"": 0.75}",98,29,70.5,96.81632653061224,16,0.16326530612244897,41,0.41836734693877553,60,0.6122448979591837,74,0.7551020408163265,3.789838435374149
recency_season_weather,"{""tau_days"": 90, ""season_bw"": 30, ""env_scale"": 1.0}",98,29,73.0,98.93877551020408,16,0.16326530612244897,40,0.40816326530612246,56,0.5714285714285714,68,0.6938775510204082,3.612896825396825
recency_season_weather,"{""tau_days"": 90, ""season_bw"": 30, ""env_scale"": 1.5}",98,29,73.0,97.38775510204081,19,0.19387755102040816,39,0.3979591836734694,58,0.5918367346938775,67,0.6836734693877551,3.735345804988662
recency_season_weather,"{""tau_days"": 90, ""season_bw"": 30, ""env_scale"": 2.0}",98,29,73.0,98.22448979591837,19,0.19387755102040816,35,0.35714285714285715,58,0.5918367346938775,68,0.6938775510204082,3.6231009070294786
recency_season_weather,"{""tau_days"": 90, ""season_bw"": 45, ""env_scale"": 0.75}",98,29,70.5,96.95918367346938,17,0.17346938775510204,41,0.41836734693877553,60,0.6122448979591837,74,0.7551020408163265,3.830654761904762
recency_season_weather,"{""tau_days"": 90, ""season_bw"": 45, ""env_scale"": 1.0}",98,29,73.0,98.63265306122449,16,0.16326530612244897,41,0.41836734693877553,57,0.5816326530612245,68,0.6938775510204082,3.6639172335600905
recency_season_weather,"{""tau_days"": 90, ""season_bw"": 45, ""env_scale"": 1.5}",98,29,77.5,102.77551020408163,17,0.17346938775510204,32,0.32653061224489793,55,0.5612244897959183,64,0.6530612244897959,3.341340702947846
recency_season_weather,"{""tau_days"": 90, ""season_bw"": 45, ""env_scale"": 2.0}",98,29,73.0,98.22448979591837,22,0.22448979591836735,36,0.3673469387755102,58,0.5918367346938775,67,0.6836734693877551,3.7659580498866214
recency_season_weather,"{""tau_days"": 90, ""season_bw"": 60, ""env_scale"": 0.75}",98,29,73.0,99.61224489795919,17,0.17346938775510204,40,0.40816326530612246,58,0.5918367346938775,71,0.7244897959183674,3.725141723356009
recency_season_weather,"{""tau_days"": 90, ""season_bw"": 60, ""env_scale"": 1.0}",98,29,70.5,98.3265306122449,16,0.16326530612244897,41,0.41836734693877553,58,0.5918367346938775,68,0.6938775510204082,3.6877976190476187
recency_season_weather,"{""tau_days"": 90, ""season_bw"": 60, ""env_scale"": 1.5}",98,29,77.5,103.36734693877551,17,0.17346938775510204,34,0.3469387755102041,55,0.5612244897959183,64,0.6530612244897959,3.4025651927437637
recency_season_weather,"{""tau_days"": 90, ""season_bw"": 60, ""env_scale"": 2.0}",98,29,75.0,101.0204081632653,20,0.20408163265306123,32,0.32653061224489793,57,0.5816326530612245,67,0.6836734693877551,3.5386904761904763
recency_season_weather,"{""tau_days"": 90, ""season_bw"": 90, ""env_scale"": 0.75}",98,29,73.0,99.61224489795919,17,0.17346938775510204,40,0.40816326530612246,58,0.5918367346938775,71,0.7244897959183674,3.725141723356009
recency_season_weather,"{""tau_days"": 90, ""season_bw"": 90, ""env_scale"": 1.0}",98,29,73.0,99.44897959183673,16,0.16326530612244897,40,0.40816326530612246,57,0.5816326530612245,67,0.6836734693877551,3.623100907029478
recency_season_weather,"{""tau_days"": 90, ""season_bw"": 90, ""env_scale"": 1.5}",98,29,77.5,104.59183673469387,17,0.17346938775510204,33,0.336734693877551,55,0.5612244897959183,64,0.6530612244897959,3.3719529478458043
recency_season_weather,"{""tau_days"": 90, ""season_bw"": 90, ""env_scale"": 2.0}",98,29,75.0,102.22448979591837,19,0.19387755102040816,32,0.32653061224489793,57,0.5816326530612245,67,0.6836734693877551,3.497874149659864
recency_season_weather,"{""tau_days"": 120, ""season_bw"": 30, ""env_scale"": 0.75}",98,29,73.0,96.91836734693878,16,0.16326530612244897,40,0.40816326530612246,60,0.6122448979591837,74,0.7551020408163265,3.755753968253968
recency_season_weather,"{""tau_days"": 120, ""season_bw"": 30, ""env_scale"": 1.0}",98,29,73.0,98.93877551020408,16,0.16326530612244897,40,0.40816326530612246,56,0.5714285714285714,68,0.6938775510204082,3.612896825396825
recency_season_weather,"{""tau_days"": 120, ""season_bw"": 30, ""env_scale"": 1.5}",98,29,73.0,98.3061224489796,18,0.1836734693877551,36,0.3673469387755102,58,0.5918367346938775,67,0.6836734693877551,3.6026927437641727
recency_season_weather,"{""tau_days"": 120, ""season_bw"": 30, ""env_scale"": 2.0}",98,29,73.0,97.91836734693878,22,0.22448979591836735,35,0.35714285714285715,58,0.5918367346938775,68,0.6938775510204082,3.745549886621315
recency_season_weather,"{""tau_days"": 120, ""season_bw"": 45, ""env_scale"": 0.75}",98,29,70.5,96.95918367346938,17,0.17346938775510204,41,0.41836734693877553,60,0.6122448979591837,74,0.7551020408163265,3.830654761904762
recency_season_weather,"{""tau_days"": 120, ""season_bw"": 45, ""env_scale"": 1.0}",98,29,73.0,98.63265306122449,16,0.16326530612244897,41,0.41836734693877553,57,0.5816326530612245,68,0.6938775510204082,3.6639172335600905
recency_season_weather,"{""tau_days"": 120, ""season_bw"": 45, ""env_scale"": 1.5}",98,29,79.0,103.6938775510204,16,0.16326530612244897,32,0.32653061224489793,54,0.5510204081632653,64,0.6530612244897959,3.278032879818594
recency_season_weather,"{""tau_days"": 120, ""season_bw"": 45, ""env_scale"": 2.0}",98,29,73.0,99.18367346938776,20,0.20408163265306123,35,0.35714285714285715,58,0.5918367346938775,67,0.6836734693877551,3.6537131519274375
recency_season_weather,"{""tau_days"": 120, ""season_bw"": 60, ""env_scale"": 0.75}",98,29,73.0,99.61224489795919,17,0.17346938775510204,40,0.40816326530612246,58,0.5918367346938775,71,0.7244897959183674,3.725141723356009
recency_season_weather,"{""tau_days"": 120, ""season_bw"": 60, ""env_scale"": 1.0}",98,29,73.0,100.6734693877551,16,0.16326530612244897,40,0.40816326530612246,56,0.5714285714285714,66,0.673469387755102,3.5924886621315193
recency_season_weather,"{""tau_days"": 120, ""season_bw"": 60, ""env_scale"": 1.5}",98,29,77.5,103.9795918367347,17,0.17346938775510204,33,0.336734693877551,55,0.5612244897959183,64,0.6530612244897959,3.3719529478458043
recency_season_weather,"{""tau_days"": 120, ""season_bw"": 60, ""env_scale"": 2.0}",98,29,75.0,101.61224489795919,19,0.19387755102040816,32,0.32653061224489793,57,0.5816326530612245,67,0.6836734693877551,3.497874149659864
recency_season_weather,"{""tau_days"": 120, ""season_bw"": 90, ""env_scale"": 0.75}",98,29,70.5,96.95918367346938,18,0.1836734693877551,41,0.41836734693877553,59,0.6020408163265306,72,0.7346938775510204,3.830654761904762
recency_season_weather,"{""tau_days"": 120, ""season_bw"": 90, ""env_scale"": 1.0}",98,29,73.0,99.44897959183673,16,0.16326530612244897,40,0.40816326530612246,57,0.5816326530612245,67,0.6836734693877551,3.623100907029478
recency_season_weather,"{""tau_days"": 120, ""season_bw"": 90, ""env_scale"": 1.5}",98,29,79.0,105.51020408163265,16,0.16326530612244897,31,0.3163265306122449,55,0.5612244897959183,64,0.6530612244897959,3.2678287981859406
recency_season_weather,"{""tau_days"": 120, ""season_bw"": 90, ""env_scale"": 2.0}",98,29,72.5,102.08163265306122,18,0.1836734693877551,33,0.336734693877551,57,0.5816326530612245,67,0.6836734693877551,3.4911422902494325
recency_season_weather,"{""tau_days"": 180, ""season_bw"": 30, ""env_scale"": 0.75}",98,29,73.0,97.26530612244898,16,0.16326530612244897,39,0.3979591836734694,60,0.6122448979591837,74,0.7551020408163265,3.7251417233560087
recency_season_weather,"{""tau_days"": 180, ""season_bw"": 30, ""env_scale"": 1.0}",98,29,73.0,98.93877551020408,16,0.16326530612244897,40,0.40816326530612246,56,0.5714285714285714,68,0.6938775510204082,3.612896825396825
recency_season_weather,"{""tau_days"": 180, ""season_bw"": 30, ""env_scale"": 1.5}",98,29,76.5,100.12244897959184,17,0.17346938775510204,34,0.3469387755102041,56,0.5714285714285714,66,0.673469387755102,3.444770408163265
recency_season_weather,"{""tau_days"": 180, ""season_bw"": 30, ""env_scale"": 2.0}",98,29,73.0,97.91836734693878,21,0.21428571428571427,35,0.35714285714285715,58,0.5918367346938775,68,0.6938775510204082,3.7047335600907028
recency_season_weather,"{""tau_days"": 180, ""season_bw"": 45, ""env_scale"": 0.75}",98,29,73.0,99.61224489795919,17,0.17346938775510204,40,0.40816326530612246,58,0.5918367346938775,71,0.7244897959183674,3.725141723356009
recency_season_weather,"{""tau_days"": 180, ""season_bw"": 45, ""env_scale"": 1.0}",98,29,73.0,98.63265306122449,16,0.16326530612244897,41,0.41836734693877553,57,0.5816326530612245,68,0.6938775510204082,3.6639172335600905
recency_season_weather,"{""tau_days"": 180, ""season_bw"": 45, ""env_scale"": 1.5}",98,29,77.5,103.6734693877551,17,0.17346938775510204,34,0.3469387755102041,55,0.5612244897959183,64,0.6530612244897959,3.4025651927437637
recency_season_weather,"{""tau_days"": 180, ""season_bw"": 45, ""env_scale"": 2.0}",98,29,75.0,101.3265306122449,19,0.19387755102040816,32,0.32653061224489793,57,0.5816326530612245,67,0.6836734693877551,3.497874149659864
recency_season_weather,"{""tau_days"": 180, ""season_bw"": 60, ""env_scale"": 0.75}",98,29,70.5,96.95918367346938,18,0.1836734693877551,41,0.41836734693877553,59,0.6020408163265306,72,0.7346938775510204,3.830654761904762
recency_season_weather,"{""tau_days"": 180, ""season_bw"": 60, ""env_scale"": 1.0}",98,29,73.0,99.44897959183673,16,0.16326530612244897,40,0.40816326530612246,57,0.5816326530612245,67,0.6836734693877551,3.623100907029478
recency_season_weather,"{""tau_days"": 180, ""season_bw"": 60, ""env_scale"": 1.5}",98,29,79.0,105.51020408163265,16,0.16326530612244897,31,0.3163265306122449,55,0.5612244897959183,64,0.6530612244897959,3.2678287981859406
recency_season_weather,"{""tau_days"": 180, ""season_bw"": 60, ""env_scale"": 2.0}",98,29,75.0,102.38775510204081,18,0.1836734693877551,32,0.32653061224489793,57,0.5816326530612245,67,0.6836734693877551,3.457057823129252
recency_season_weather,"{""tau_days"": 180, ""season_bw"": 90, ""env_scale"": 0.75}",98,29,74.0,100.0204081632653,18,0.1836734693877551,40,0.40816326530612246,55,0.5612244897959183,71,0.7244897959183674,3.703344671201814
recency_season_weather,"{""tau_days"": 180, ""season_bw"": 90, ""env_scale"": 1.0}",98,29,73.0,100.36734693877551,16,0.16326530612244897,40,0.40816326530612246,57,0.5816326530612245,67,0.6836734693877551,3.623100907029478
recency_season_weather,"{""tau_days"": 180, ""season_bw"": 90, ""env_scale"": 1.5}",98,29,78.5,105.81632653061224,16,0.16326530612244897,32,0.32653061224489793,55,0.5612244897959183,64,0.6530612244897959,3.299135487528344
recency_season_weather,"{""tau_days"": 180, ""season_bw"": 90, ""env_scale"": 2.0}",98,29,75.0,104.53061224489795,17,0.17346938775510204,32,0.32653061224489793,56,0.5714285714285714,66,0.673469387755102,3.3856292517006805
recency_season_weather,"{""tau_days"": 240, ""season_bw"": 30, ""env_scale"": 0.75}",98,29,70.5,96.65306122448979,16,0.16326530612244897,41,0.41836734693877553,60,0.6122448979591837,74,0.7551020408163265,3.789838435374149
recency_season_weather,"{""tau_days"": 240, ""season_bw"": 30, ""env_scale"": 1.0}",98,29,73.0,98.63265306122449,16,0.16326530612244897,41,0.41836734693877553,56,0.5714285714285714,68,0.6938775510204082,3.6435090702947845
recency_season_weather,"{""tau_days"": 240, ""season_bw"": 30, ""env_scale"": 1.5}",98,29,74.5,100.12244897959184,17,0.17346938775510204,34,0.3469387755102041,57,0.5816326530612245,66,0.673469387755102,3.467956349206349
recency_season_weather,"{""tau_days"": 240, ""season_bw"": 30, ""env_scale"": 2.0}",98,29,73.0,97.91836734693878,21,0.21428571428571427,35,0.35714285714285715,58,0.5918367346938775,68,0.6938775510204082,3.7047335600907028
recency_season_weather,"{""tau_days"": 240, ""season_bw"": 45, ""env_scale"": 0.75}",98,29,73.0,99.61224489795919,17,0.17346938775510204,40,0.40816326530612246,58,0.5918367346938775,71,0.7244897959183674,3.725141723356009
recency_season_weather,"{""tau_days"": 240, ""season_bw"": 45, ""env_scale"": 1.0}",98,29,73.0,100.9795918367347,16,0.16326530612244897,40,0.40816326530612246,55,0.5612244897959183,66,0.673469387755102,3.5720804988662134
recency_season_weather,"{""tau_days"": 240, ""season_bw"": 45, ""env_scale"": 1.5}",98,29,77.5,103.36734693877551,17,0.17346938775510204,34,0.3469387755102041,55,0.5612244897959183,64,0.6530612244897959,3.4025651927437637
recency_season_weather,"{""tau_days"": 240, ""season_bw"": 45, ""env_scale"": 2.0}",98,29,75.0,101.77551020408163,18,0.1836734693877551,32,0.32653061224489793,57,0.5816326530612245,67,0.6836734693877551,3.457057823129252
recency_season_weather,"{""tau_days"": 240, ""season_bw"": 60, ""env_scale"": 0.75}",98,29,70.5,96.95918367346938,18,0.1836734693877551,41,0.41836734693877553,59,0.6020408163265306,72,0.7346938775510204,3.830654761904762
recency_season_weather,"{""tau_days"": 240, ""season_bw"": 60, ""env_scale"": 1.0}",98,29,73.0,99.75510204081633,16,0.16326530612244897,40,0.40816326530612246,57,0.5816326530612245,67,0.6836734693877551,3.623100907029478
recency_season_weather,"{""tau_days"": 240, ""season_bw"": 60, ""env_scale"": 1.5}",98,29,79.0,105.51020408163265,16,0.16326530612244897,31,0.3163265306122449,55,0.5612244897959183,64,0.6530612244897959,3.2678287981859406
recency_season_weather,"{""tau_days"": 240, ""season_bw"": 60, ""env_scale"": 2.0}",98,29,72.5,102.08163265306122,18,0.1836734693877551,33,0.336734693877551,57,0.5816326530612245,67,0.6836734693877551,3.4911422902494325
recency_season_weather,"{""tau_days"": 240, ""season_bw"": 90, ""env_scale"": 0.75}",98,29,74.0,100.0204081632653,18,0.1836734693877551,40,0.40816326530612246,55,0.5612244897959183,71,0.7244897959183674,3.703344671201814
recency_season_weather,"{""tau_days"": 240, ""season_bw"": 90, ""env_scale"": 1.0}",98,29,67.0,98.0204081632653,17,0.17346938775510204,42,0.42857142857142855,56,0.5714285714285714,68,0.6938775510204082,3.723270975056689
recency_season_weather,"{""tau_days"": 240, ""season_bw"": 90, ""env_scale"": 1.5}",98,29,78.5,106.12244897959184,16,0.16326530612244897,31,0.3163265306122449,55,0.5612244897959183,64,0.6530612244897959,3.2685232426303847
recency_season_weather,"{""tau_days"": 240, ""season_bw"": 90, ""env_scale"": 2.0}",98,29,75.0,104.83673469387755,17,0.17346938775510204,31,0.3163265306122449,56,0.5714285714285714,66,0.673469387755102,3.355017006802721
recency_season_weather,"{""tau_days"": 365, ""season_bw"": 30, ""env_scale"": 0.75}",98,29,70.5,97.26530612244898,16,0.16326530612244897,41,0.41836734693877553,60,0.6122448979591837,74,0.7551020408163265,3.789838435374149
recency_season_weather,"{""tau_days"": 365, ""season_bw"": 30, ""env_scale"": 1.0}",98,29,73.0,98.63265306122449,16,0.16326530612244897,41,0.41836734693877553,56,0.5714285714285714,68,0.6938775510204082,3.6435090702947845
recency_season_weather,"{""tau_days"": 365, ""season_bw"": 30, ""env_scale"": 1.5}",98,29,74.5,100.42857142857143,17,0.17346938775510204,34,0.3469387755102041,57,0.5816326530612245,66,0.673469387755102,3.467956349206349
recency_season_weather,"{""tau_days"": 365, ""season_bw"": 30, ""env_scale"": 2.0}",98,29,73.0,97.0,23,0.23469387755102042,36,0.3673469387755102,58,0.5918367346938775,68,0.6938775510204082,3.8169784580498867
recency_season_weather,"{""tau_days"": 365, ""season_bw"": 45, ""env_scale"": 0.75}",98,29,70.5,96.85714285714286,18,0.1836734693877551,41,0.41836734693877553,59,0.6020408163265306,72,0.7346938775510204,3.830654761904762
recency_season_weather,"{""tau_days"": 365, ""season_bw"": 45, ""env_scale"": 1.0}",98,29,73.0,99.75510204081633,16,0.16326530612244897,40,0.40816326530612246,56,0.5714285714285714,67,0.6836734693877551,3.6026927437641723
recency_season_weather,"{""tau_days"": 365, ""season_bw"": 45, ""env_scale"": 1.5}",98,29,77.5,103.6734693877551,17,0.17346938775510204,34,0.3469387755102041,55,0.5612244897959183,64,0.6530612244897959,3.4025651927437637
recency_season_weather,"{""tau_days"": 365, ""season_bw"": 45, ""env_scale"": 2.0}",98,29,75.0,101.77551020408163,18,0.1836734693877551,32,0.32653061224489793,57,0.5816326530612245,67,0.6836734693877551,3.457057823129252
recency_season_weather,"{""tau_days"": 365, ""season_bw"": 60, ""env_scale"": 0.75}",98,29,70.5,96.95918367346938,18,0.1836734693877551,41,0.41836734693877553,59,0.6020408163265306,72,0.7346938775510204,3.830654761904762
recency_season_weather,"{""tau_days"": 365, ""season_bw"": 60, ""env_scale"": 1.0}",98,29,73.0,99.75510204081633,16,0.16326530612244897,40,0.40816326530612246,57,0.5816326530612245,67,0.6836734693877551,3.623100907029478
recency_season_weather,"{""tau_days"": 365, ""season_bw"": 60, ""env_scale"": 1.5}",98,29,78.5,105.20408163265306,16,0.16326530612244897,32,0.32653061224489793,55,0.5612244897959183,64,0.6530612244897959,3.299135487528344
recency_season_weather,"{""tau_days"": 365, ""season_bw"": 60, ""env_scale"": 2.0}",98,29,75.0,104.53061224489795,18,0.1836734693877551,31,0.3163265306122449,56,0.5714285714285714,66,0.673469387755102,3.3958333333333335
recency_season_weather,"{""tau_days"": 365, ""season_bw"": 90, ""env_scale"": 0.75}",98,29,74.0,100.0204081632653,18,0.1836734693877551,40,0.40816326530612246,55,0.5612244897959183,71,0.7244897959183674,3.703344671201814
recency_season_weather,"{""tau_days"": 365, ""season_bw"": 90, ""env_scale"": 1.0}",98,29,70.5,100.16326530612245,17,0.17346938775510204,41,0.41836734693877553,55,0.5612244897959183,67,0.6836734693877551,3.6571853741496594
recency_season_weather,"{""tau_days"": 365, ""season_bw"": 90, ""env_scale"": 1.5}",98,29,81.0,107.85714285714286,17,0.17346938775510204,31,0.3163265306122449,54,0.5510204081632653,63,0.6428571428571429,3.2752551020408163
recency_season_weather,"{""tau_days"": 365, ""season_bw"": 90, ""env_scale"": 2.0}",98,29,72.5,104.0,17,0.17346938775510204,33,0.336734693877551,57,0.5816326530612245,66,0.673469387755102,3.4401218820861676
season_weather_weak_age,"{""tau_days"": 730, ""season_bw"": 30, ""env_scale"": 0.75}",98,29,70.5,96.95918367346938,17,0.17346938775510204,41,0.41836734693877553,60,0.6122448979591837,74,0.7551020408163265,3.830654761904762
season_weather_weak_age,"{""tau_days"": 730, ""season_bw"": 30, ""env_scale"": 1.0}",98,29,73.0,98.63265306122449,16,0.16326530612244897,41,0.41836734693877553,56,0.5714285714285714,68,0.6938775510204082,3.6435090702947845
season_weather_weak_age,"{""tau_days"": 730, ""season_bw"": 30, ""env_scale"": 1.5}",98,29,77.5,102.16326530612245,17,0.17346938775510204,33,0.336734693877551,55,0.5612244897959183,64,0.6530612244897959,3.3719529478458043
season_weather_weak_age,"{""tau_days"": 730, ""season_bw"": 30, ""env_scale"": 2.0}",98,29,73.0,97.0,23,0.23469387755102042,36,0.3673469387755102,58,0.5918367346938775,68,0.6938775510204082,3.8169784580498867
season_weather_weak_age,"{""tau_days"": 730, ""season_bw"": 45, ""env_scale"": 0.75}",98,29,70.5,96.95918367346938,18,0.1836734693877551,41,0.41836734693877553,59,0.6020408163265306,72,0.7346938775510204,3.830654761904762
season_weather_weak_age,"{""tau_days"": 730, ""season_bw"": 45, ""env_scale"": 1.0}",98,29,73.0,100.06122448979592,16,0.16326530612244897,40,0.40816326530612246,56,0.5714285714285714,67,0.6836734693877551,3.6026927437641723
season_weather_weak_age,"{""tau_days"": 730, ""season_bw"": 45, ""env_scale"": 1.5}",98,29,77.5,104.59183673469387,17,0.17346938775510204,33,0.336734693877551,55,0.5612244897959183,64,0.6530612244897959,3.3719529478458043
season_weather_weak_age,"{""tau_days"": 730, ""season_bw"": 45, ""env_scale"": 2.0}",98,29,75.0,101.77551020408163,18,0.1836734693877551,32,0.32653061224489793,57,0.5816326530612245,67,0.6836734693877551,3.457057823129252
season_weather_weak_age,"{""tau_days"": 730, ""season_bw"": 60, ""env_scale"": 0.75}",98,29,73.0,99.10204081632654,18,0.1836734693877551,40,0.40816326530612246,58,0.5918367346938775,71,0.7244897959183674,3.7659580498866214
season_weather_weak_age,"{""tau_days"": 730, ""season_bw"": 60, ""env_scale"": 1.0}",98,29,70.5,97.71428571428571,17,0.17346938775510204,41,0.41836734693877553,56,0.5714285714285714,68,0.6938775510204082,3.6877976190476187
season_weather_weak_age,"{""tau_days"": 730, ""season_bw"": 60, ""env_scale"": 1.5}",98,29,78.5,105.51020408163265,16,0.16326530612244897,32,0.32653061224489793,55,0.5612244897959183,64,0.6530612244897959,3.299135487528344
season_weather_weak_age,"{""tau_days"": 730, ""season_bw"": 60, ""env_scale"": 2.0}",98,29,75.0,104.53061224489795,18,0.1836734693877551,31,0.3163265306122449,56,0.5714285714285714,66,0.673469387755102,3.3958333333333335
season_weather_weak_age,"{""tau_days"": 730, ""season_bw"": 90, ""env_scale"": 0.75}",98,29,74.0,100.0204081632653,18,0.1836734693877551,40,0.40816326530612246,55,0.5612244897959183,71,0.7244897959183674,3.703344671201814
season_weather_weak_age,"{""tau_days"": 730, ""season_bw"": 90, ""env_scale"": 1.0}",98,29,70.5,100.46938775510205,17,0.17346938775510204,41,0.41836734693877553,56,0.5714285714285714,67,0.6836734693877551,3.6775935374149658
season_weather_weak_age,"{""tau_days"": 730, ""season_bw"": 90, ""env_scale"": 1.5}",98,29,81.0,107.85714285714286,17,0.17346938775510204,31,0.3163265306122449,54,0.5510204081632653,63,0.6428571428571429,3.2752551020408163
season_weather_weak_age,"{""tau_days"": 730, ""season_bw"": 90, ""env_scale"": 2.0}",98,29,72.5,104.3061224489796,16,0.16326530612244897,33,0.336734693877551,57,0.5816326530612245,66,0.673469387755102,3.399305555555555
season_weather_weak_age,"{""tau_days"": 1095, ""season_bw"": 30, ""env_scale"": 0.75}",98,29,70.5,96.95918367346938,17,0.17346938775510204,41,0.41836734693877553,60,0.6122448979591837,74,0.7551020408163265,3.830654761904762
season_weather_weak_age,"{""tau_days"": 1095, ""season_bw"": 30, ""env_scale"": 1.0}",98,29,73.0,98.63265306122449,16,0.16326530612244897,41,0.41836734693877553,56,0.5714285714285714,68,0.6938775510204082,3.6435090702947845
season_weather_weak_age,"{""tau_days"": 1095, ""season_bw"": 30, ""env_scale"": 1.5}",98,29,77.5,102.16326530612245,17,0.17346938775510204,33,0.336734693877551,55,0.5612244897959183,64,0.6530612244897959,3.3719529478458043
season_weather_weak_age,"{""tau_days"": 1095, ""season_bw"": 30, ""env_scale"": 2.0}",98,29,73.0,97.0,23,0.23469387755102042,36,0.3673469387755102,58,0.5918367346938775,68,0.6938775510204082,3.8169784580498867
season_weather_weak_age,"{""tau_days"": 1095, ""season_bw"": 45, ""env_scale"": 0.75}",98,29,70.5,96.95918367346938,18,0.1836734693877551,41,0.41836734693877553,59,0.6020408163265306,72,0.7346938775510204,3.830654761904762
season_weather_weak_age,"{""tau_days"": 1095, ""season_bw"": 45, ""env_scale"": 1.0}",98,29,73.0,100.06122448979592,16,0.16326530612244897,40,0.40816326530612246,56,0.5714285714285714,67,0.6836734693877551,3.6026927437641723
season_weather_weak_age,"{""tau_days"": 1095, ""season_bw"": 45, ""env_scale"": 1.5}",98,29,77.5,104.59183673469387,17,0.17346938775510204,33,0.336734693877551,55,0.5612244897959183,64,0.6530612244897959,3.3719529478458043
season_weather_weak_age,"{""tau_days"": 1095, ""season_bw"": 45, ""env_scale"": 2.0}",98,29,75.0,102.08163265306122,18,0.1836734693877551,32,0.32653061224489793,57,0.5816326530612245,67,0.6836734693877551,3.457057823129252
season_weather_weak_age,"{""tau_days"": 1095, ""season_bw"": 60, ""env_scale"": 0.75}",98,29,73.0,99.10204081632654,18,0.1836734693877551,40,0.40816326530612246,58,0.5918367346938775,71,0.7244897959183674,3.7659580498866214
season_weather_weak_age,"{""tau_days"": 1095, ""season_bw"": 60, ""env_scale"": 1.0}",98,29,70.5,97.71428571428571,17,0.17346938775510204,41,0.41836734693877553,56,0.5714285714285714,68,0.6938775510204082,3.6877976190476187
season_weather_weak_age,"{""tau_days"": 1095, ""season_bw"": 60, ""env_scale"": 1.5}",98,29,78.5,105.81632653061224,16,0.16326530612244897,31,0.3163265306122449,55,0.5612244897959183,64,0.6530612244897959,3.2685232426303847
season_weather_weak_age,"{""tau_days"": 1095, ""season_bw"": 60, ""env_scale"": 2.0}",98,29,75.0,104.53061224489795,18,0.1836734693877551,31,0.3163265306122449,56,0.5714285714285714,66,0.673469387755102,3.3958333333333335
season_weather_weak_age,"{""tau_days"": 1095, ""season_bw"": 90, ""env_scale"": 0.75}",98,29,74.0,100.0204081632653,18,0.1836734693877551,40,0.40816326530612246,55,0.5612244897959183,71,0.7244897959183674,3.703344671201814
season_weather_weak_age,"{""tau_days"": 1095, ""season_bw"": 90, ""env_scale"": 1.0}",98,29,70.5,100.77551020408163,17,0.17346938775510204,41,0.41836734693877553,56,0.5714285714285714,67,0.6836734693877551,3.6775935374149658
season_weather_weak_age,"{""tau_days"": 1095, ""season_bw"": 90, ""env_scale"": 1.5}",98,29,83.5,108.16326530612245,17,0.17346938775510204,31,0.3163265306122449,53,0.5408163265306123,63,0.6428571428571429,3.251374716553288
season_weather_weak_age,"{""tau_days"": 1095, ""season_bw"": 90, ""env_scale"": 2.0}",98,29,72.5,104.61224489795919,16,0.16326530612244897,33,0.336734693877551,57,0.5816326530612245,66,0.673469387755102,3.399305555555555
season_weather_weak_age,"{""tau_days"": null, ""season_bw"": 30, ""env_scale"": 0.75}",98,29,70.5,96.95918367346938,17,0.17346938775510204,41,0.41836734693877553,60,0.6122448979591837,74,0.7551020408163265,3.830654761904762
season_weather_weak_age,"{""tau_days"": null, ""season_bw"": 30, ""env_scale"": 1.0}",98,29,73.0,98.63265306122449,16,0.16326530612244897,41,0.41836734693877553,57,0.5816326530612245,68,0.6938775510204082,3.6639172335600905
season_weather_weak_age,"{""tau_days"": null, ""season_bw"": 30, ""env_scale"": 1.5}",98,29,77.5,102.46938775510205,17,0.17346938775510204,33,0.336734693877551,55,0.5612244897959183,64,0.6530612244897959,3.3719529478458043
season_weather_weak_age,"{""tau_days"": null, ""season_bw"": 30, ""env_scale"": 2.0}",98,29,73.0,97.0,23,0.23469387755102042,36,0.3673469387755102,58,0.5918367346938775,68,0.6938775510204082,3.8169784580498867
season_weather_weak_age,"{""tau_days"": null, ""season_bw"": 45, ""env_scale"": 0.75}",98,29,70.5,96.95918367346938,18,0.1836734693877551,41,0.41836734693877553,59,0.6020408163265306,72,0.7346938775510204,3.830654761904762
season_weather_weak_age,"{""tau_days"": null, ""season_bw"": 45, ""env_scale"": 1.0}",98,29,73.0,100.06122448979592,16,0.16326530612244897,40,0.40816326530612246,56,0.5714285714285714,67,0.6836734693877551,3.6026927437641723
season_weather_weak_age,"{""tau_days"": null, ""season_bw"": 45, ""env_scale"": 1.5}",98,29,79.0,105.51020408163265,16,0.16326530612244897,31,0.3163265306122449,55,0.5612244897959183,64,0.6530612244897959,3.2678287981859406
season_weather_weak_age,"{""tau_days"": null, ""season_bw"": 45, ""env_scale"": 2.0}",98,29,75.0,102.38775510204081,18,0.1836734693877551,31,0.3163265306122449,57,0.5816326530612245,67,0.6836734693877551,3.426445578231293
season_weather_weak_age,"{""tau_days"": null, ""season_bw"": 60, ""env_scale"": 0.75}",98,29,74.0,100.0204081632653,18,0.1836734693877551,40,0.40816326530612246,55,0.5612244897959183,71,0.7244897959183674,3.703344671201814
season_weather_weak_age,"{""tau_days"": null, ""season_bw"": 60, ""env_scale"": 1.0}",98,29,70.5,98.3265306122449,17,0.17346938775510204,41,0.41836734693877553,56,0.5714285714285714,68,0.6938775510204082,3.6877976190476187
season_weather_weak_age,"{""tau_days"": null, ""season_bw"": 60, ""env_scale"": 1.5}",98,29,78.5,106.0204081632653,16,0.16326530612244897,31,0.3163265306122449,55,0.5612244897959183,64,0.6530612244897959,3.2685232426303847
season_weather_weak_age,"{""tau_days"": null, ""season_bw"": 60, ""env_scale"": 2.0}",98,29,75.0,104.83673469387755,17,0.17346938775510204,31,0.3163265306122449,56,0.5714285714285714,66,0.673469387755102,3.355017006802721
season_weather_weak_age,"{""tau_days"": null, ""season_bw"": 90, ""env_scale"": 0.75}",98,29,74.0,101.85714285714286,18,0.1836734693877551,40,0.40816326530612246,55,0.5612244897959183,70,0.7142857142857143,3.693140589569161
season_weather_weak_age,"{""tau_days"": null, ""season_bw"": 90, ""env_scale"": 1.0}",98,29,70.5,100.77551020408163,17,0.17346938775510204,41,0.41836734693877553,56,0.5714285714285714,67,0.6836734693877551,3.6775935374149658
season_weather_weak_age,"{""tau_days"": null, ""season_bw"": 90, ""env_scale"": 1.5}",98,29,87.0,108.46938775510205,17,0.17346938775510204,31,0.3163265306122449,52,0.5306122448979592,63,0.6428571428571429,3.2261054421768707
season_weather_weak_age,"{""tau_days"": null, ""season_bw"": 90, ""env_scale"": 2.0}",98,29,79.5,108.28571428571429,16,0.16326530612244897,32,0.32653061224489793,53,0.5408163265306123,64,0.6530612244897959,3.2569302721088436
