operational_date_0700,evidence_class,status
2025-10-12,UNAMBIGUOUS_SELF_CAPTURE,WORKING_INCLUDE
2025-10-17,UNAMBIGUOUS_SELF_CAPTURE,WORKING_INCLUDE
2025-10-18,UNAMBIGUOUS_SELF_CAPTURE,WORKING_INCLUDE
2025-10-19,UNAMBIGUOUS_SELF_CAPTURE,WORKING_INCLUDE
2025-10-21,UNAMBIGUOUS_SELF_CAPTURE,WORKING_INCLUDE
2025-10-26,UNAMBIGUOUS_SELF_CAPTURE,WORKING_INCLUDE
2025-10-28,UNAMBIGUOUS_SELF_CAPTURE,WORKING_INCLUDE
2025-10-31,UNAMBIGUOUS_SELF_CAPTURE,WORKING_INCLUDE
2025-11-04,UNAMBIGUOUS_SELF_CAPTURE,WORKING_INCLUDE
2025-11-05,UNAMBIGUOUS_SELF_CAPTURE,WORKING_INCLUDE
2025-11-06,UNAMBIGUOUS_SELF_CAPTURE,WORKING_INCLUDE
2025-11-08,UNAMBIGUOUS_SELF_CAPTURE,WORKING_INCLUDE
2025-11-09,UNAMBIGUOUS_SELF_CAPTURE,WORKING_INCLUDE
2025-11-11,EXPLICIT_ZERO,WORKING_INCLUDE
2025-11-21,UNAMBIGUOUS_SELF_CAPTURE,WORKING_INCLUDE
2025-11-24,UNAMBIGUOUS_SELF_CAPTURE,WORKING_INCLUDE
2026-04-12,EXPLICIT_ZERO,WORKING_INCLUDE
2026-04-13,UNAMBIGUOUS_SELF_CAPTURE,WORKING_INCLUDE
2026-04-15,UNAMBIGUOUS_SELF_CAPTURE,WORKING_INCLUDE
2026-04-17,UNAMBIGUOUS_SELF_CAPTURE,WORKING_INCLUDE
2026-04-19,UNAMBIGUOUS_SELF_CAPTURE,WORKING_INCLUDE
2026-04-20,UNAMBIGUOUS_SELF_CAPTURE,WORKING_INCLUDE
2026-05-01,UNAMBIGUOUS_SELF_CAPTURE,WORKING_INCLUDE
2026-05-02,INDEPENDENT_OMITTED_EVIDENCE,WORKING_INCLUDE
2026-05-03,UNAMBIGUOUS_SELF_CAPTURE,WORKING_INCLUDE
2026-05-05,UNAMBIGUOUS_SELF_CAPTURE,WORKING_INCLUDE
2026-05-07,UNAMBIGUOUS_SELF_CAPTURE,WORKING_INCLUDE
2026-05-09,UNAMBIGUOUS_SELF_CAPTURE,WORKING_INCLUDE
2026-05-10,INDEPENDENT_OMITTED_EVIDENCE,WORKING_INCLUDE
2026-05-11,INDEPENDENT_OMITTED_EVIDENCE,WORKING_INCLUDE
2026-05-13,UNAMBIGUOUS_SELF_CAPTURE,WORKING_INCLUDE
2026-05-15,UNAMBIGUOUS_SELF_CAPTURE,WORKING_INCLUDE
2026-05-18,UNAMBIGUOUS_SELF_CAPTURE,WORKING_INCLUDE
2026-05-19,UNAMBIGUOUS_SELF_CAPTURE,WORKING_INCLUDE
2026-05-21,UNAMBIGUOUS_SELF_CAPTURE,WORKING_INCLUDE
2026-05-23,UNAMBIGUOUS_SELF_CAPTURE,WORKING_INCLUDE
2026-05-24,UNAMBIGUOUS_SELF_CAPTURE,WORKING_INCLUDE
2026-05-27,UNAMBIGUOUS_SELF_CAPTURE,WORKING_INCLUDE
2026-05-29,UNAMBIGUOUS_SELF_CAPTURE,WORKING_INCLUDE
2026-06-04,UNAMBIGUOUS_SELF_CAPTURE,WORKING_INCLUDE
2026-06-06,UNAMBIGUOUS_SELF_CAPTURE,WORKING_INCLUDE
2026-06-09,INDEPENDENT_OMITTED_EVIDENCE,WORKING_INCLUDE
2026-06-10,UNAMBIGUOUS_SELF_CAPTURE,WORKING_INCLUDE
2026-06-12,UNAMBIGUOUS_SELF_CAPTURE,WORKING_INCLUDE
2026-06-13,UNAMBIGUOUS_SELF_CAPTURE,WORKING_INCLUDE
2026-06-16,UNAMBIGUOUS_SELF_CAPTURE,WORKING_INCLUDE
2026-06-17,UNAMBIGUOUS_SELF_CAPTURE,WORKING_INCLUDE
2026-06-18,UNAMBIGUOUS_SELF_CAPTURE,WORKING_INCLUDE
2026-06-20,UNAMBIGUOUS_SELF_CAPTURE,WORKING_INCLUDE
2026-06-22,UNAMBIGUOUS_SELF_CAPTURE,WORKING_INCLUDE
2026-06-23,UNAMBIGUOUS_SELF_CAPTURE,WORKING_INCLUDE
2026-06-24,UNAMBIGUOUS_SELF_CAPTURE,WORKING_INCLUDE
2026-06-28,UNAMBIGUOUS_SELF_CAPTURE,WORKING_INCLUDE
2026-06-30,UNAMBIGUOUS_SELF_CAPTURE,WORKING_INCLUDE
2026-07-01,UNAMBIGUOUS_SELF_CAPTURE,WORKING_INCLUDE
2026-07-02,INDEPENDENT_OMITTED_EVIDENCE,WORKING_INCLUDE
2026-07-04,INDEPENDENT_OMITTED_EVIDENCE,WORKING_INCLUDE
2026-07-08,UNAMBIGUOUS_SELF_CAPTURE,WORKING_INCLUDE
2026-07-09,UNAMBIGUOUS_SELF_CAPTURE,WORKING_INCLUDE
2026-07-10,UNAMBIGUOUS_SELF_CAPTURE,WORKING_INCLUDE
2026-07-16,UNAMBIGUOUS_SELF_CAPTURE,WORKING_INCLUDE
2026-07-17,UNAMBIGUOUS_SELF_CAPTURE,WORKING_INCLUDE
2026-07-20,UNAMBIGUOUS_SELF_CAPTURE,WORKING_INCLUDE
2026-07-22,UNAMBIGUOUS_SELF_CAPTURE,WORKING_INCLUDE
2026-07-24,UNAMBIGUOUS_SELF_CAPTURE,WORKING_INCLUDE
2026-07-25,UNAMBIGUOUS_SELF_CAPTURE,WORKING_INCLUDE
2026-07-26,UNAMBIGUOUS_SELF_CAPTURE,WORKING_INCLUDE
2026-07-30,UNAMBIGUOUS_SELF_CAPTURE,WORKING_INCLUDE
2026-07-31,UNAMBIGUOUS_SELF_CAPTURE,WORKING_INCLUDE
2026-08-01,UNAMBIGUOUS_SELF_CAPTURE,WORKING_INCLUDE
2026-08-02,UNAMBIGUOUS_SELF_CAPTURE,WORKING_INCLUDE
2026-08-03,UNAMBIGUOUS_SELF_CAPTURE,WORKING_INCLUDE
2026-08-05,UNAMBIGUOUS_SELF_CAPTURE,WORKING_INCLUDE
2026-08-09,UNAMBIGUOUS_SELF_CAPTURE,WORKING_INCLUDE
2026-08-11,UNAMBIGUOUS_SELF_CAPTURE,WORKING_INCLUDE
2026-08-12,UNAMBIGUOUS_SELF_CAPTURE,WORKING_INCLUDE
2026-08-13,UNAMBIGUOUS_SELF_CAPTURE,WORKING_INCLUDE
2026-08-15,UNAMBIGUOUS_SELF_CAPTURE,WORKING_INCLUDE
2026-08-17,UNAMBIGUOUS_SELF_CAPTURE,WORKING_INCLUDE
2026-08-19,UNAMBIGUOUS_SELF_CAPTURE,WORKING_INCLUDE
2026-08-21,INDEPENDENT_OMITTED_EVIDENCE,WORKING_INCLUDE
2026-08-23,UNAMBIGUOUS_SELF_CAPTURE,WORKING_INCLUDE
2026-08-24,UNAMBIGUOUS_SELF_CAPTURE,WORKING_INCLUDE
2026-08-27,UNAMBIGUOUS_SELF_CAPTURE,WORKING_INCLUDE
2026-08-28,UNAMBIGUOUS_SELF_CAPTURE,WORKING_INCLUDE
2026-08-29,UNAMBIGUOUS_SELF_CAPTURE,WORKING_INCLUDE
2026-08-31,INDEPENDENT_OMITTED_EVIDENCE,WORKING_INCLUDE
2026-09-02,UNAMBIGUOUS_SELF_CAPTURE,WORKING_INCLUDE
2026-09-04,UNAMBIGUOUS_SELF_CAPTURE,WORKING_INCLUDE
